InputString,Actual,Predicted_Interpolation,Correct_Interpolation,InTop10_Interpolation,InWordCloud_Interpolation,Runtime_Interpolation,Predicted_Backoff,Correct_Backoff,InTop10_Backoff,InWordCloud_Backoff,Runtime_Backoff
u always need,that,to,FALSE,FALSE,TRUE,0.420000000000073,to,FALSE,FALSE,TRUE,0.390000000000327
we are looking,forward,for,FALSE,TRUE,TRUE,0.219999999999345,for,FALSE,TRUE,TRUE,0.0500000000001819
console for too long those,addictive,who,FALSE,FALSE,FALSE,0.280000000000655,who,FALSE,FALSE,FALSE,0.269999999999527
 on the game,moe,and,FALSE,FALSE,FALSE,0.25,in,FALSE,FALSE,FALSE,0.140000000000327
school or,work,a,FALSE,FALSE,TRUE,0.230000000000473,a,FALSE,FALSE,TRUE,0.220000000000255
the state ordered the,investigation,first,FALSE,FALSE,TRUE,0.469999999999345,first,FALSE,FALSE,TRUE,0.470000000000255
appreciated but i,couldnt,dont,FALSE,FALSE,TRUE,0.270000000000437,dont,FALSE,FALSE,TRUE,0.110000000000582
and says  on the,back,of,FALSE,FALSE,TRUE,0.5600000000004,side,FALSE,FALSE,TRUE,0.0700000000006185
updated,nov,and,FALSE,FALSE,FALSE,0.139999999999418,and,FALSE,FALSE,FALSE,0.119999999999891
layer of paper towels,to,the,FALSE,TRUE,TRUE,0.25,the,FALSE,TRUE,TRUE,0.25
if the angels,keep,and,FALSE,FALSE,FALSE,0.270000000000437,and,FALSE,FALSE,FALSE,0.260000000000218
agreed fully,with,support,FALSE,FALSE,FALSE,0.219999999999345,support,FALSE,FALSE,FALSE,0.219999999999345
the jaws that bite the,claws,first,FALSE,FALSE,FALSE,0.5600000000004,first,FALSE,FALSE,FALSE,0.449999999999818
of the,wide,most,FALSE,FALSE,FALSE,0.509999999999309,year,FALSE,FALSE,FALSE,0.110000000000582
indian ocean tsunami killed,more,in,FALSE,FALSE,FALSE,0.260000000000218,in,FALSE,FALSE,FALSE,0.269999999999527
not long ago my daughter,made,and,FALSE,FALSE,FALSE,0.260000000000218,and,FALSE,FALSE,FALSE,0.140000000000327
cause i,want,got,FALSE,FALSE,TRUE,0.25,got,FALSE,FALSE,FALSE,0.109999999999673
the past two years,ive,ago,FALSE,FALSE,TRUE,0.300000000000182,ago,FALSE,FALSE,FALSE,0.170000000000073
phone like a yearold girl,gossipâmine,i,FALSE,FALSE,FALSE,0.279999999999745,i,FALSE,FALSE,FALSE,0.25
obamaâs performance his,highest,own,FALSE,FALSE,FALSE,0.350000000000364,own,FALSE,FALSE,FALSE,0.3799999999992
where the sustainability center comes,in,to,FALSE,TRUE,TRUE,0.260000000000218,to,FALSE,TRUE,TRUE,0.289999999999964
to their union brothers in,other,the,FALSE,FALSE,TRUE,0.3100000000004,the,FALSE,FALSE,TRUE,0.319999999999709
cleaning companies tout having certifications,in,the,FALSE,TRUE,TRUE,0.3100000000004,the,FALSE,TRUE,TRUE,0.279999999999745
do stupid things,sometimes,that,FALSE,FALSE,FALSE,0.25,that,FALSE,FALSE,FALSE,0.25
while demand for gasolinepowered,vehicles,the,FALSE,FALSE,FALSE,0.210000000000036,the,FALSE,FALSE,FALSE,0.25
what happened to being,honest,done,FALSE,TRUE,TRUE,0.25,colonised,FALSE,FALSE,FALSE,0.130000000000109
that hundreds,if,of,FALSE,FALSE,FALSE,0.230000000000473,of,FALSE,FALSE,FALSE,0.220000000000255
laying in bed,reading,watching,FALSE,FALSE,FALSE,0.239999999999782,watching,FALSE,FALSE,FALSE,0.109999999999673
 play some,tennis,of,FALSE,FALSE,FALSE,0.199999999999818,of,FALSE,FALSE,FALSE,0.220000000000255
novel and through my research,for,interests,FALSE,TRUE,TRUE,0.289999999999964,interests,FALSE,FALSE,FALSE,0.140000000000327
and i positively want,a,to,FALSE,TRUE,TRUE,0.299999999999272,to,FALSE,TRUE,TRUE,0.25
is certainly taking up,that,to,FALSE,FALSE,TRUE,0.300000000000182,to,FALSE,FALSE,TRUE,0.319999999999709
g allows local law,enforcement,enforcement,TRUE,TRUE,TRUE,0.25,enforcement,TRUE,TRUE,TRUE,0.25
that almost none passed,advocates,the,FALSE,FALSE,FALSE,0.259999999999309,the,FALSE,FALSE,FALSE,0.25
the fact,that,that,TRUE,TRUE,TRUE,0.219999999999345,that,TRUE,TRUE,TRUE,0.100000000000364
and yes i do take,requests,a,FALSE,FALSE,FALSE,0.280000000000655,a,FALSE,FALSE,FALSE,0.279999999999745
regalcinemas contains cal neither do,most,you,FALSE,FALSE,TRUE,0.259999999999309,you,FALSE,FALSE,TRUE,0.240000000000691
and north cap,opening,on,FALSE,FALSE,FALSE,0.300000000000182,on,FALSE,FALSE,FALSE,0.25
shall inherit,the,the,TRUE,TRUE,TRUE,0.220000000000255,the,TRUE,TRUE,TRUE,0.0799999999999272
in d,with,i,FALSE,FALSE,TRUE,0.200000000000728,i,FALSE,FALSE,TRUE,0.1899999999996
family asked for the maximum,punishment,penalty,FALSE,FALSE,FALSE,0.259999999999309,penalty,FALSE,FALSE,FALSE,0.280000000000655
if it is,on,not,FALSE,FALSE,TRUE,0.299999999999272,not,FALSE,FALSE,FALSE,0.0299999999997453
if everyone was dead on,the,the,TRUE,TRUE,TRUE,0.299999999999272,the,TRUE,TRUE,TRUE,0.140000000000327
worry about competing with the,larger,same,FALSE,FALSE,TRUE,0.590000000000146,family,FALSE,FALSE,FALSE,0.140000000000327
all based,on,on,TRUE,TRUE,TRUE,0.220000000000255,on,TRUE,TRUE,TRUE,0.220000000000255
can give u a,lifetime,few,FALSE,FALSE,TRUE,0.409999999999855,few,FALSE,FALSE,TRUE,0.359999999999673
pretty good,hby,i,FALSE,FALSE,FALSE,0.25,i,FALSE,FALSE,FALSE,0.0799999999999272
and i smiled cause,i,i,TRUE,TRUE,TRUE,0.270000000000437,i,TRUE,TRUE,TRUE,0.289999999999964
dont say,this,that,FALSE,FALSE,TRUE,0.229999999999563,that,FALSE,FALSE,TRUE,0.210000000000036
provide access,not,to,FALSE,FALSE,FALSE,0.220000000000255,to,FALSE,FALSE,FALSE,0.229999999999563
an overturned,garbage,the,FALSE,FALSE,FALSE,0.220000000000255,the,FALSE,FALSE,FALSE,0.239999999999782
i do  the,eyesight,of,FALSE,FALSE,FALSE,0.869999999999891,of,FALSE,FALSE,FALSE,0.460000000000036
have chips on their,shoulders,own,FALSE,FALSE,TRUE,0.279999999999745,own,FALSE,FALSE,FALSE,0.140000000000327
rt  sleepy but dont,want,want,TRUE,TRUE,TRUE,0.270000000000437,want,TRUE,TRUE,TRUE,0.130000000000109
marketed as a burnt,toast,the,FALSE,FALSE,FALSE,0.25,the,FALSE,FALSE,FALSE,0.25
amazing actor i am,now,a,FALSE,FALSE,TRUE,0.260000000000218,a,FALSE,FALSE,TRUE,0.140000000000327
a throwaway nod to,the,his,FALSE,TRUE,TRUE,0.390000000000327,his,FALSE,FALSE,FALSE,0.140000000000327
put on one guy,working,who,FALSE,FALSE,FALSE,0.260000000000218,who,FALSE,FALSE,FALSE,0.25
recent trip to the,us,us,TRUE,TRUE,TRUE,0.590000000000146,us,TRUE,TRUE,TRUE,0.170000000000073
chancellor takes stage reads letter,from,to,FALSE,TRUE,TRUE,0.260000000000218,to,FALSE,TRUE,TRUE,0.25
only building that qualifies,for,for,TRUE,TRUE,TRUE,0.300000000000182,for,TRUE,TRUE,TRUE,0.25
my last ms page purchase,was,of,FALSE,TRUE,TRUE,0.279999999999745,of,FALSE,TRUE,TRUE,0.260000000000218
up and yell happy new,year,year,TRUE,TRUE,TRUE,0.3100000000004,year,TRUE,TRUE,TRUE,0.170000000000073
see steele  fd,at,at,TRUE,TRUE,TRUE,0.230000000000473,at,TRUE,TRUE,TRUE,0.210000000000036
the sauce on each,plate,side,FALSE,FALSE,FALSE,0.289999999999964,side,FALSE,FALSE,FALSE,0.140000000000327
well so am i,hahahaha,to,FALSE,FALSE,FALSE,0.279999999999745,gonna,FALSE,FALSE,FALSE,0.140000000000327
where i can get rid,of,of,TRUE,TRUE,TRUE,0.239999999999782,of,TRUE,TRUE,TRUE,0.0600000000004002
move fast as,idk,a,FALSE,FALSE,FALSE,0.270000000000437,a,FALSE,FALSE,FALSE,0.229999999999563
mac msf pearl outer ring,for,and,FALSE,FALSE,FALSE,0.270000000000437,and,FALSE,FALSE,FALSE,0.259999999999309
still dont remember everything,but,is,FALSE,FALSE,TRUE,0.280000000000655,is,FALSE,FALSE,TRUE,0.25
since i was little,we,bit,FALSE,FALSE,FALSE,0.25,bit,FALSE,FALSE,FALSE,0.25
was set at  after,the,the,TRUE,TRUE,TRUE,0.289999999999964,few,FALSE,TRUE,TRUE,0.140000000000327
those tire snakes are causing,some,my,FALSE,FALSE,FALSE,0.260000000000218,my,FALSE,FALSE,FALSE,0.270000000000437
to highly appreciative black,audiences,and,FALSE,FALSE,FALSE,0.25,and,FALSE,FALSE,FALSE,0.25
i need a starbucks,fix,the,FALSE,FALSE,FALSE,0.269999999999527,the,FALSE,FALSE,FALSE,0.270000000000437
petals and,thorns,the,FALSE,FALSE,FALSE,0.3100000000004,the,FALSE,FALSE,FALSE,0.300000000000182
the day,march,i,FALSE,FALSE,TRUE,0.199999999999818,i,FALSE,FALSE,TRUE,0.110000000000582
the fall of,the,the,TRUE,TRUE,TRUE,0.300000000000182,the,TRUE,TRUE,TRUE,0.0500000000001819
to my,collection,new,FALSE,FALSE,TRUE,0.25,new,FALSE,FALSE,FALSE,0.110000000000582
right for calipari,to,the,FALSE,TRUE,TRUE,0.25,the,FALSE,TRUE,TRUE,0.239999999999782
so,much,i,FALSE,TRUE,TRUE,0.150000000000546,i,FALSE,TRUE,TRUE,0.140000000000327
mein then realized it was,a,a,TRUE,TRUE,TRUE,0.300000000000182,a,TRUE,TRUE,TRUE,0.149999999999636
responses snailmail but,look,i,FALSE,FALSE,TRUE,0.289999999999964,i,FALSE,FALSE,TRUE,0.25
nothing like true texas,hospitality,and,FALSE,FALSE,FALSE,0.300000000000182,and,FALSE,FALSE,FALSE,0.270000000000437
buddies now jason isbell,show,the,FALSE,FALSE,FALSE,0.239999999999782,the,FALSE,FALSE,FALSE,0.289999999999964
file cannot be,opened,a,FALSE,FALSE,FALSE,0.25,a,FALSE,FALSE,FALSE,0.220000000000255
our time our month remember,to,that,FALSE,TRUE,TRUE,0.3100000000004,that,FALSE,TRUE,TRUE,0.270000000000437
time until we,had,are,FALSE,TRUE,TRUE,0.239999999999782,are,FALSE,TRUE,TRUE,0.229999999999563
your momma let you,date,know,FALSE,FALSE,TRUE,0.25,know,FALSE,FALSE,FALSE,0.1299999999992
teens caught in unguarded,moments,the,FALSE,FALSE,FALSE,0.269999999999527,the,FALSE,FALSE,FALSE,0.25
seeing tomorrow its,about,a,FALSE,FALSE,TRUE,0.300000000000182,a,FALSE,FALSE,TRUE,0.280000000000655
and didnt return to that,high,end,FALSE,FALSE,FALSE,0.340000000000146,end,FALSE,FALSE,FALSE,0.159999999999854
 hunter,s,and,FALSE,FALSE,FALSE,0.149999999999636,and,FALSE,FALSE,FALSE,0.159999999999854
ive gotten some of the,best,most,FALSE,TRUE,TRUE,0.640000000000327,most,FALSE,TRUE,TRUE,0.0600000000004002
rt  its not,about,a,FALSE,FALSE,TRUE,0.359999999999673,to,FALSE,FALSE,FALSE,0.069999999999709
iâm always torn,between,down,FALSE,TRUE,TRUE,0.420000000000073,down,FALSE,TRUE,TRUE,0.369999999999891
my new little,cousin,bit,FALSE,FALSE,TRUE,0.260000000000218,bit,FALSE,FALSE,TRUE,0.229999999999563
was actually a,little,few,FALSE,TRUE,TRUE,0.369999999999891,few,FALSE,TRUE,TRUE,0.340000000000146
none because im assuming someone,somewhere,who,FALSE,FALSE,FALSE,0.329999999999927,who,FALSE,FALSE,FALSE,0.260000000000218
receiving billions of bail,out,the,FALSE,FALSE,FALSE,0.25,the,FALSE,FALSE,FALSE,0.25
spielberg missed out on a,directing,new,FALSE,FALSE,FALSE,0.400000000000546,new,FALSE,FALSE,FALSE,0.149999999999636
richard grenell romney,campaign,is,FALSE,TRUE,TRUE,0.25,is,FALSE,TRUE,TRUE,0.240000000000691
i highly doubt there,is,is,TRUE,TRUE,TRUE,0.270000000000437,is,TRUE,TRUE,TRUE,0.269999999999527
it can get the,kids,most,FALSE,FALSE,TRUE,0.5,babies,FALSE,FALSE,FALSE,0.119999999999891
prefer the,bieber,first,FALSE,FALSE,FALSE,0.399999999999636,first,FALSE,FALSE,FALSE,0.420000000000073
i should just put,dayquil,in,FALSE,FALSE,FALSE,0.25,in,FALSE,FALSE,FALSE,0.119999999999891
best show,is,that,FALSE,FALSE,TRUE,0.219999999999345,that,FALSE,FALSE,TRUE,0.200000000000728
something epic is,up,a,FALSE,FALSE,TRUE,0.299999999999272,a,FALSE,FALSE,TRUE,0.280000000000655
have been better,rt,than,FALSE,FALSE,TRUE,0.220000000000255,than,FALSE,FALSE,TRUE,0.229999999999563
can really screw,up,up,TRUE,TRUE,TRUE,0.270000000000437,up,TRUE,TRUE,TRUE,0.25
woulda been better if we,had,are,FALSE,TRUE,TRUE,0.260000000000218,are,FALSE,TRUE,TRUE,0.140000000000327
typical day animating,flannel,the,FALSE,FALSE,FALSE,0.280000000000655,the,FALSE,FALSE,FALSE,0.260000000000218
now i wont,even,be,FALSE,TRUE,TRUE,0.25,be,FALSE,TRUE,TRUE,0.130000000000109
i,guess,was,FALSE,FALSE,TRUE,0.180000000000291,was,FALSE,FALSE,TRUE,0.170000000000073
certainly was not enough for,him,me,FALSE,FALSE,TRUE,0.329999999999927,me,FALSE,FALSE,FALSE,0.140000000000327
words permanent resident and,citizen,the,FALSE,FALSE,FALSE,0.359999999999673,the,FALSE,FALSE,FALSE,0.3700000000008
a beautiful,day,day,TRUE,TRUE,TRUE,0.190000000000509,day,TRUE,TRUE,TRUE,0.100000000000364
grocery store last night and,saw,i,FALSE,FALSE,TRUE,0.369999999999891,i,FALSE,FALSE,FALSE,0.159999999999854
at it for the same,reasons,reasons,TRUE,TRUE,TRUE,0.280000000000655,reasons,TRUE,TRUE,TRUE,0.0499999999992724
who cares david wright,homer,the,FALSE,FALSE,FALSE,0.25,the,FALSE,FALSE,FALSE,0.230000000000473
colons too just to,disguise,see,FALSE,FALSE,FALSE,0.340000000000146,see,FALSE,FALSE,FALSE,0.119999999999891
or failure for,your,the,FALSE,TRUE,TRUE,0.279999999999745,the,FALSE,TRUE,TRUE,0.260000000000218
with this ,said,months,FALSE,FALSE,TRUE,0.25,months,FALSE,FALSE,FALSE,0.0800000000008367
first talk at pm,in,on,FALSE,TRUE,TRUE,0.270000000000437,on,FALSE,TRUE,TRUE,0.139999999999418
soul is bright like the,sun,one,FALSE,FALSE,TRUE,0.569999999999709,one,FALSE,FALSE,FALSE,0.130000000000109
much faster,than,than,TRUE,TRUE,TRUE,0.220000000000255,than,TRUE,TRUE,TRUE,0.0799999999999272
wire in truck bed,prompts,and,FALSE,FALSE,FALSE,0.270000000000437,and,FALSE,FALSE,FALSE,0.25
are our child now they,cant,are,FALSE,FALSE,TRUE,0.300000000000182,are,FALSE,FALSE,FALSE,0.139999999999418
mark mcgwire is the cardinals,hitting,took,FALSE,FALSE,FALSE,0.289999999999964,took,FALSE,FALSE,FALSE,0.170000000000073
niggas wit blue,eyes,and,FALSE,TRUE,TRUE,0.229999999999563,and,FALSE,TRUE,TRUE,0.220000000000255
the novel of the moment,in,but,FALSE,TRUE,TRUE,0.279999999999745,but,FALSE,FALSE,FALSE,0.159999999999854
has come full,circle,circle,TRUE,TRUE,TRUE,0.210000000000036,circle,TRUE,TRUE,TRUE,0.0300000000006548
where your order,ships,to,FALSE,FALSE,FALSE,0.270000000000437,to,FALSE,FALSE,FALSE,0.229999999999563
what you doing,actually,this,FALSE,FALSE,FALSE,0.229999999999563,this,FALSE,FALSE,FALSE,0.100000000000364
something is going,on,on,TRUE,TRUE,TRUE,0.229999999999563,on,TRUE,TRUE,TRUE,0.0299999999997453
cali till next week,hustling,i,FALSE,FALSE,FALSE,0.260000000000218,i,FALSE,FALSE,FALSE,0.140000000000327
in the restaurant business since,i,the,FALSE,TRUE,TRUE,0.279999999999745,the,FALSE,TRUE,TRUE,0.270000000000437
one of them,addressed,is,FALSE,FALSE,FALSE,0.270000000000437,is,FALSE,FALSE,FALSE,0.0399999999999636
convert abandoned corner restaurant,into,in,FALSE,FALSE,FALSE,0.270000000000437,in,FALSE,FALSE,FALSE,0.25
came along said mike pruitt,a,the,FALSE,TRUE,TRUE,0.25,the,FALSE,TRUE,TRUE,0.25
grandchildren and greatgrandchildren so,many,i,FALSE,TRUE,TRUE,0.279999999999745,i,FALSE,TRUE,TRUE,0.270000000000437
in a,circle,few,FALSE,FALSE,TRUE,0.359999999999673,few,FALSE,FALSE,TRUE,0.109999999999673
next winter building,an,and,FALSE,FALSE,TRUE,0.25,and,FALSE,FALSE,TRUE,0.269999999999527
all over the united,states,states,TRUE,TRUE,TRUE,0.260000000000218,states,TRUE,TRUE,TRUE,0.159999999999854
young goethe,in,the,FALSE,TRUE,TRUE,0.199999999999818,the,FALSE,TRUE,TRUE,0.199999999999818
and drunk the milk of,paradise,the,FALSE,FALSE,TRUE,0.350000000000364,the,FALSE,FALSE,TRUE,0.329999999999927
dont know,whats,what,FALSE,FALSE,TRUE,0.199999999999818,what,FALSE,FALSE,FALSE,0.100000000000364
others involved like start,a,to,FALSE,TRUE,TRUE,0.270000000000437,to,FALSE,TRUE,TRUE,0.25
every convo with,you,the,FALSE,TRUE,TRUE,0.289999999999964,the,FALSE,TRUE,TRUE,0.25
it arrived long,before,time,FALSE,TRUE,TRUE,0.25,time,FALSE,TRUE,TRUE,0.25
sing it for you,rocket,to,FALSE,FALSE,FALSE,0.280000000000655,to,FALSE,FALSE,FALSE,0.119999999999891
them i love it its,a,a,TRUE,TRUE,TRUE,0.289999999999964,a,TRUE,TRUE,TRUE,0.140000000000327
that means you see very,little,good,FALSE,TRUE,TRUE,0.260000000000218,good,FALSE,TRUE,TRUE,0.25
without the,inner,other,FALSE,FALSE,FALSE,0.420000000000073,other,FALSE,FALSE,FALSE,0.0799999999999272
and i were,home,a,FALSE,FALSE,TRUE,0.25,a,FALSE,FALSE,FALSE,0.130000000000109
ladies we,dig,are,FALSE,FALSE,FALSE,0.220000000000255,are,FALSE,FALSE,FALSE,0.199999999999818
smiling and we got,both,a,FALSE,FALSE,FALSE,0.25,a,FALSE,FALSE,FALSE,0.130000000000109
baby wanna  u right,now,now,TRUE,TRUE,TRUE,0.25,now,TRUE,TRUE,TRUE,0.119999999999891
in awhile sorry i,have,have,TRUE,TRUE,TRUE,0.279999999999745,didnt,FALSE,TRUE,TRUE,0.119999999999891
jeff dont,pit,know,FALSE,FALSE,FALSE,0.199999999999818,know,FALSE,FALSE,FALSE,0.210000000000036
and abc entertainment group should,be,be,TRUE,TRUE,TRUE,0.279999999999745,be,TRUE,TRUE,TRUE,0.289999999999964
not sure what schlockly means,but,the,FALSE,FALSE,TRUE,0.260000000000218,the,FALSE,FALSE,TRUE,0.269999999999527
all with,the,the,TRUE,TRUE,TRUE,0.230000000000473,the,TRUE,TRUE,TRUE,0.220000000000255
why do i,feel,feel,TRUE,TRUE,TRUE,0.279999999999745,feel,TRUE,TRUE,TRUE,0.0299999999997453
achievement as,a,a,TRUE,TRUE,TRUE,0.270000000000437,a,TRUE,TRUE,TRUE,0.229999999999563
will bianculli be wearing his,finest,own,FALSE,FALSE,FALSE,0.309999999999491,own,FALSE,FALSE,FALSE,0.279999999999745
session about careers,outside,and,FALSE,FALSE,FALSE,0.269999999999527,and,FALSE,FALSE,FALSE,0.25
are on the arun,valley,the,FALSE,FALSE,FALSE,0.300000000000182,the,FALSE,FALSE,FALSE,0.279999999999745
than drink delicious,coffee,and,FALSE,FALSE,FALSE,0.240000000000691,and,FALSE,FALSE,FALSE,0.25
lived but oh so,fun,i,FALSE,FALSE,TRUE,0.279999999999745,i,FALSE,FALSE,TRUE,0.279999999999745
steelers steelers steelers steelers,steelers,steelers,TRUE,TRUE,TRUE,0.269999999999527,steelers,TRUE,TRUE,TRUE,0.0399999999999636
gaps at the same,time,time,TRUE,TRUE,TRUE,0.289999999999964,time,TRUE,TRUE,TRUE,0.0599999999994907
like this book let me,leave,know,FALSE,TRUE,TRUE,0.279999999999745,know,FALSE,TRUE,TRUE,0.140000000000327
image koala hug tilda,this,this,TRUE,TRUE,TRUE,0.279999999999745,this,TRUE,TRUE,TRUE,0.300000000000182
she still,talking,have,FALSE,FALSE,TRUE,0.219999999999345,have,FALSE,FALSE,TRUE,0.219999999999345
up in a dumpy,truck,the,FALSE,FALSE,FALSE,0.329999999999927,the,FALSE,FALSE,FALSE,0.260000000000218
tori  dean when,is,i,FALSE,FALSE,TRUE,0.25,i,FALSE,FALSE,TRUE,0.239999999999782
love yer,character,the,FALSE,FALSE,FALSE,0.1899999999996,the,FALSE,FALSE,FALSE,0.200000000000728
been normal i donât think,it,i,FALSE,TRUE,TRUE,0.859999999999673,i,FALSE,TRUE,TRUE,0.840000000000146
deal you,would,can,FALSE,FALSE,TRUE,0.239999999999782,can,FALSE,FALSE,TRUE,0.220000000000255
a sagittarius,is,the,FALSE,TRUE,TRUE,0.240000000000691,the,FALSE,TRUE,TRUE,0.229999999999563
in the election,of,was,FALSE,TRUE,TRUE,0.279999999999745,he,FALSE,TRUE,TRUE,0.139999999999418
putting away my seersucker,and,the,FALSE,TRUE,TRUE,0.270000000000437,the,FALSE,TRUE,TRUE,0.269999999999527
part of okinawa but the,plan,first,FALSE,FALSE,TRUE,0.5600000000004,first,FALSE,FALSE,FALSE,0.130000000000109
job p,it,i,FALSE,FALSE,FALSE,0.170000000000073,i,FALSE,FALSE,FALSE,0.210000000000036
todaymy pen is,itchn,a,FALSE,FALSE,FALSE,0.280000000000655,a,FALSE,FALSE,FALSE,0.319999999999709
have to admit iâm,not,the,FALSE,FALSE,FALSE,1.68000000000029,the,FALSE,FALSE,FALSE,1.51000000000022
memorize a section of poetry,for,of,FALSE,TRUE,TRUE,0.279999999999745,of,FALSE,TRUE,TRUE,0.259999999999309
freakin savage,kantus,the,FALSE,FALSE,FALSE,0.199999999999818,the,FALSE,FALSE,FALSE,0.1899999999996
manpower her,disappearance,to,FALSE,FALSE,TRUE,0.25,to,FALSE,FALSE,TRUE,0.210000000000036
 anyone know,or,how,FALSE,FALSE,FALSE,0.200000000000728,of,FALSE,FALSE,FALSE,0.0999999999994543
or phillip,who,the,FALSE,FALSE,FALSE,0.25,the,FALSE,FALSE,FALSE,0.220000000000255
viola davis,the,said,FALSE,TRUE,TRUE,0.199999999999818,said,FALSE,TRUE,TRUE,0.190000000000509
watching the craziness of in,allentown,the,FALSE,FALSE,FALSE,0.319999999999709,the,FALSE,FALSE,FALSE,0.139999999999418
heâs bound for san francisco,or,ers,FALSE,FALSE,FALSE,0.280000000000655,ers,FALSE,FALSE,FALSE,0.150000000000546
viable and,multiply,the,FALSE,FALSE,FALSE,0.329999999999927,the,FALSE,FALSE,FALSE,0.319999999999709
lil things u take,granted,a,FALSE,FALSE,FALSE,0.279999999999745,a,FALSE,FALSE,FALSE,0.25
i stared,at,at,TRUE,TRUE,TRUE,0.219999999999345,at,TRUE,TRUE,TRUE,0.0900000000001455
you  nationals,bound,are,FALSE,FALSE,FALSE,0.270000000000437,are,FALSE,FALSE,FALSE,0.270000000000437
you need more,time,followers,FALSE,TRUE,TRUE,0.279999999999745,followers,FALSE,FALSE,FALSE,0.130000000000109
is she a,good,few,FALSE,TRUE,TRUE,0.369999999999891,few,FALSE,TRUE,TRUE,0.410000000000764
advice ,tips,on,FALSE,FALSE,FALSE,0.160000000000764,on,FALSE,FALSE,FALSE,0.140000000000327
playing come back,to,and,FALSE,TRUE,TRUE,0.25,and,FALSE,TRUE,TRUE,0.119999999999891
rt long hair probs and,alan,the,FALSE,FALSE,FALSE,0.510000000000218,the,FALSE,FALSE,FALSE,0.409999999999855
today was extremely hot,bow,water,FALSE,FALSE,FALSE,0.309999999999491,water,FALSE,FALSE,FALSE,0.269999999999527
security was not compromised,however,the,FALSE,FALSE,FALSE,0.25,the,FALSE,FALSE,FALSE,0.260000000000218
harmony societys regional contest in,kc,the,FALSE,FALSE,TRUE,0.339999999999236,the,FALSE,FALSE,TRUE,0.279999999999745
can change,default,the,FALSE,FALSE,FALSE,0.199999999999818,that,FALSE,FALSE,FALSE,0.069999999999709
ny next month for,the,the,TRUE,TRUE,TRUE,0.329999999999927,the,TRUE,TRUE,TRUE,0.269999999999527
to try my new,kindle,followers,FALSE,FALSE,FALSE,0.340000000000146,followers,FALSE,FALSE,FALSE,0.130000000000109
open final today,will,i,FALSE,FALSE,TRUE,0.260000000000218,i,FALSE,FALSE,TRUE,0.259999999999309
bhs us history ii to,today,the,FALSE,FALSE,TRUE,0.360000000000582,the,FALSE,FALSE,TRUE,0.360000000000582
learning stuff she,read,was,FALSE,FALSE,FALSE,0.25,was,FALSE,FALSE,FALSE,0.25
done some of the,series,most,FALSE,FALSE,TRUE,0.619999999999891,most,FALSE,FALSE,FALSE,0.0599999999994907
i run upstairs,turn,and,FALSE,FALSE,FALSE,0.289999999999964,and,FALSE,FALSE,FALSE,0.270000000000437
friend we need to,connect,be,FALSE,FALSE,TRUE,0.420000000000073,be,FALSE,FALSE,FALSE,0.0399999999999636
we need too like,seriously,a,FALSE,FALSE,TRUE,0.309999999999491,a,FALSE,FALSE,TRUE,0.300000000000182
could do was be,strong,a,FALSE,FALSE,TRUE,0.300000000000182,a,FALSE,FALSE,TRUE,0.349999999999454
a great,time,time,TRUE,TRUE,TRUE,0.350000000000364,time,TRUE,TRUE,TRUE,0.109999999999673
very wet,countries,in,FALSE,FALSE,FALSE,0.279999999999745,in,FALSE,FALSE,FALSE,0.199999999999818
spend to,appease,the,FALSE,FALSE,FALSE,0.320000000000618,the,FALSE,FALSE,FALSE,0.300000000000182
girl i see,you,you,TRUE,TRUE,TRUE,0.329999999999927,you,TRUE,TRUE,TRUE,0.159999999999854
goal league newbie,has,the,FALSE,FALSE,FALSE,0.25,the,FALSE,FALSE,FALSE,0.3100000000004
that can handle traffic properly,for,but,FALSE,FALSE,FALSE,0.3100000000004,but,FALSE,FALSE,FALSE,0.329999999999927
in a,closet,few,FALSE,FALSE,TRUE,0.339999999999236,few,FALSE,FALSE,TRUE,0.100000000000364
 some great sesny,blog,the,FALSE,FALSE,FALSE,0.230000000000473,the,FALSE,FALSE,FALSE,0.239999999999782
good thing right the,program,first,FALSE,FALSE,TRUE,0.530000000000655,first,FALSE,FALSE,TRUE,0.449999999999818
music  hoping that all,have,the,FALSE,FALSE,TRUE,0.279999999999745,the,FALSE,FALSE,FALSE,0.140000000000327
russian river,beer,the,FALSE,FALSE,FALSE,0.219999999999345,the,FALSE,FALSE,FALSE,0.199999999999818
dining room its a,nice,good,FALSE,FALSE,TRUE,0.369999999999891,good,FALSE,FALSE,FALSE,0.130000000000109
late than,never,the,FALSE,FALSE,TRUE,0.240000000000691,the,FALSE,FALSE,TRUE,0.219999999999345
i lost them,allâ,to,FALSE,FALSE,FALSE,0.25,to,FALSE,FALSE,FALSE,0.25
for dinner  wow,i,is,FALSE,TRUE,TRUE,0.230000000000473,a,FALSE,FALSE,FALSE,0.110000000000582
you name your child,after,has,FALSE,FALSE,FALSE,0.230000000000473,has,FALSE,FALSE,FALSE,0.1299999999992
i suspect they,ended,are,FALSE,FALSE,FALSE,0.269999999999527,are,FALSE,FALSE,FALSE,0.270000000000437
him and,shook,his,FALSE,FALSE,TRUE,0.309999999999491,his,FALSE,FALSE,FALSE,0.0799999999999272
guys put,it,it,TRUE,TRUE,TRUE,0.199999999999818,it,TRUE,TRUE,TRUE,0.170000000000073
mcdonalds in,the,the,TRUE,TRUE,TRUE,0.230000000000473,the,TRUE,TRUE,TRUE,0.239999999999782
open a,can,few,FALSE,FALSE,TRUE,0.319999999999709,few,FALSE,FALSE,TRUE,0.309999999999491
tell your friends,to,to,TRUE,TRUE,TRUE,0.240000000000691,to,TRUE,TRUE,TRUE,0.0399999999999636
too bad,georgia,the,FALSE,FALSE,FALSE,0.240000000000691,the,FALSE,FALSE,FALSE,0.089999999999236
me it would mean so,much,i,FALSE,TRUE,TRUE,0.289999999999964,i,FALSE,TRUE,TRUE,0.25
rb he will,be,be,TRUE,TRUE,TRUE,0.239999999999782,be,TRUE,TRUE,TRUE,0.119999999999891
scored points and she,has,is,FALSE,TRUE,TRUE,0.260000000000218,is,FALSE,TRUE,TRUE,0.140000000000327
for the tt made,my,the,FALSE,TRUE,TRUE,0.260000000000218,the,FALSE,TRUE,TRUE,0.25
thanks for,the,the,TRUE,TRUE,TRUE,0.25,the,TRUE,TRUE,TRUE,0.0900000000001455
great to hear that,was,its,FALSE,TRUE,TRUE,0.300000000000182,its,FALSE,FALSE,FALSE,0.119999999999891
an old,woman,school,FALSE,FALSE,FALSE,0.210000000000036,school,FALSE,FALSE,FALSE,0.100000000000364
the spirit boy,i,and,FALSE,TRUE,TRUE,0.25,and,FALSE,TRUE,TRUE,0.220000000000255
hooked on those granola bars,since,and,FALSE,FALSE,FALSE,0.25,and,FALSE,FALSE,FALSE,0.239999999999782
three pointers in,the,the,TRUE,TRUE,TRUE,0.3100000000004,the,TRUE,TRUE,TRUE,0.109999999999673
 pm reply,back,to,FALSE,FALSE,FALSE,0.210000000000036,to,FALSE,FALSE,FALSE,0.199999999999818
were going to,look,have,FALSE,FALSE,TRUE,0.329999999999927,have,FALSE,FALSE,FALSE,0.0300000000006548
is significant,to,other,FALSE,FALSE,FALSE,0.25,other,FALSE,FALSE,FALSE,0.279999999999745
whenever we,are,are,TRUE,TRUE,TRUE,0.220000000000255,are,TRUE,TRUE,TRUE,0.239999999999782
there are,many,many,TRUE,TRUE,TRUE,0.260000000000218,many,TRUE,TRUE,TRUE,0.109999999999673
that the,company,state,FALSE,TRUE,TRUE,0.449999999999818,state,FALSE,TRUE,TRUE,0.0900000000001455
how ignores my,texts,life,FALSE,FALSE,TRUE,0.280000000000655,life,FALSE,FALSE,TRUE,0.279999999999745
scattered over,three,the,FALSE,FALSE,TRUE,0.230000000000473,the,FALSE,FALSE,TRUE,0.25
up and down their stairs,the,to,FALSE,FALSE,FALSE,0.289999999999964,to,FALSE,FALSE,FALSE,0.259999999999309
wife and followed,the,by,FALSE,TRUE,TRUE,0.229999999999563,by,FALSE,TRUE,TRUE,0.240000000000691
forward to,visiting,seeing,FALSE,FALSE,FALSE,0.279999999999745,seeing,FALSE,FALSE,FALSE,0.0799999999999272
im gonna follow,at,me,FALSE,FALSE,FALSE,0.25,me,FALSE,FALSE,FALSE,0.230000000000473
im giving,you,you,TRUE,TRUE,TRUE,0.230000000000473,you,TRUE,TRUE,TRUE,0.100000000000364
only  jobs in,april,the,FALSE,TRUE,TRUE,0.300000000000182,april,TRUE,TRUE,TRUE,0.109999999999673
 times,in,and,FALSE,TRUE,TRUE,0.170000000000073,and,FALSE,TRUE,TRUE,0.159999999999854
jaeger taint shots woohoo thanks,stephen,for,FALSE,FALSE,FALSE,0.309999999999491,for,FALSE,FALSE,FALSE,0.300000000000182
on their timetable,and,for,FALSE,FALSE,FALSE,0.289999999999964,for,FALSE,FALSE,FALSE,0.309999999999491
cat power,less,of,FALSE,FALSE,FALSE,0.25,of,FALSE,FALSE,FALSE,0.200000000000728
of violence make it,imperative,to,FALSE,FALSE,FALSE,0.319999999999709,happen,FALSE,FALSE,FALSE,0.160000000000764
but i can see,how,you,FALSE,TRUE,TRUE,0.259999999999309,you,FALSE,FALSE,FALSE,0.0500000000001819
cool to have that,as,many,FALSE,FALSE,TRUE,0.329999999999927,many,FALSE,FALSE,FALSE,0.170000000000073
 that having one great,meet,to,FALSE,FALSE,FALSE,0.279999999999745,to,FALSE,FALSE,FALSE,0.260000000000218
that federal,funding,government,FALSE,FALSE,TRUE,0.220000000000255,government,FALSE,FALSE,TRUE,0.230000000000473
colorado and,this,the,FALSE,FALSE,TRUE,0.319999999999709,the,FALSE,FALSE,TRUE,0.3100000000004
what would your entrance music,be,and,FALSE,FALSE,TRUE,0.259999999999309,and,FALSE,FALSE,TRUE,0.25
grass is greener where you,water,are,FALSE,FALSE,FALSE,0.260000000000218,are,FALSE,FALSE,FALSE,0.149999999999636
and icon larry townsend,you,the,FALSE,FALSE,FALSE,0.270000000000437,the,FALSE,FALSE,FALSE,0.260000000000218
british aircraft pound a large,headquarter,scale,FALSE,FALSE,FALSE,0.260000000000218,scale,FALSE,FALSE,FALSE,0.130000000000109
lol he sound stiff,trying,the,FALSE,FALSE,FALSE,0.240000000000691,the,FALSE,FALSE,FALSE,0.259999999999309
comment monday,on,on,TRUE,TRUE,TRUE,0.200000000000728,on,TRUE,TRUE,TRUE,0.0799999999999272
katsuya disagree but hey happy,birthday,birthday,TRUE,TRUE,TRUE,0.260000000000218,birthday,TRUE,TRUE,TRUE,0.25
movies it also boasts an,acting,amazing,FALSE,FALSE,FALSE,0.279999999999745,amazing,FALSE,FALSE,FALSE,0.280000000000655
much friendlier,auntieemcustard,the,FALSE,FALSE,FALSE,0.180000000000291,the,FALSE,FALSE,FALSE,0.200000000000728
decals and stickers  use,coupon,the,FALSE,FALSE,FALSE,0.279999999999745,the,FALSE,FALSE,FALSE,0.1200000000008
theres substantial overlap of evidence,between,that,FALSE,FALSE,FALSE,0.300000000000182,that,FALSE,FALSE,FALSE,0.140000000000327
forward to retweeting,your,the,FALSE,FALSE,FALSE,0.270000000000437,the,FALSE,FALSE,FALSE,0.25
good morning happy hump,day,day,TRUE,TRUE,TRUE,0.260000000000218,day,TRUE,TRUE,TRUE,0.1299999999992
about the comics keep,your,the,FALSE,TRUE,TRUE,0.25,the,FALSE,TRUE,TRUE,0.230000000000473
most manufacturers andor service providers,will,the,FALSE,FALSE,FALSE,0.25,the,FALSE,FALSE,FALSE,0.230000000000473
 yards,a,and,FALSE,TRUE,TRUE,0.1200000000008,and,FALSE,TRUE,TRUE,0.109999999999673
fantastic time as usual,have,it,FALSE,FALSE,FALSE,0.260000000000218,it,FALSE,FALSE,FALSE,0.1200000000008
worst idea of the week,putting,i,FALSE,FALSE,FALSE,0.269999999999527,before,FALSE,FALSE,FALSE,0.159999999999854
it all sounds,filthy,like,FALSE,FALSE,FALSE,0.260000000000218,like,FALSE,FALSE,FALSE,0.25
or ,shot,a,FALSE,FALSE,FALSE,0.149999999999636,a,FALSE,FALSE,FALSE,0.139999999999418
in new hope brought a,box,few,FALSE,FALSE,TRUE,0.390000000000327,few,FALSE,FALSE,TRUE,0.3700000000008
the irish,independent,bank,FALSE,FALSE,FALSE,0.229999999999563,bank,FALSE,FALSE,FALSE,0.230000000000473
du monde i,just,was,FALSE,TRUE,TRUE,0.319999999999709,was,FALSE,TRUE,TRUE,0.25
a hey eric i,would,was,FALSE,FALSE,TRUE,0.289999999999964,was,FALSE,FALSE,TRUE,0.289999999999964
with her,soft,husband,FALSE,FALSE,FALSE,0.220000000000255,husband,FALSE,FALSE,FALSE,0.100000000000364
work to be,home,a,FALSE,FALSE,TRUE,0.279999999999745,a,FALSE,FALSE,TRUE,0.119999999999891
for winter film awards,on,in,FALSE,FALSE,FALSE,0.260000000000218,in,FALSE,FALSE,FALSE,0.279999999999745
in the,woods,world,FALSE,FALSE,TRUE,0.529999999999745,world,FALSE,FALSE,TRUE,0.109999999999673
stay and an indicator,of,of,TRUE,TRUE,TRUE,0.300000000000182,of,TRUE,TRUE,TRUE,0.140000000000327
to  eliminate,all,a,FALSE,FALSE,FALSE,0.279999999999745,a,FALSE,FALSE,FALSE,0.270000000000437
you said you were alone,on,in,FALSE,TRUE,TRUE,0.260000000000218,in,FALSE,TRUE,TRUE,0.25
and im pretty,sure,sure,TRUE,TRUE,TRUE,0.230000000000473,sure,TRUE,TRUE,TRUE,0.0499999999992724
its morning,ugh,i,FALSE,FALSE,FALSE,0.190000000000509,i,FALSE,FALSE,FALSE,0.220000000000255
wideman junior and,lulu,senior,FALSE,FALSE,FALSE,0.340000000000146,senior,FALSE,FALSE,FALSE,0.0900000000001455
i like led zeppeiing but,i,i,TRUE,TRUE,TRUE,0.259999999999309,i,TRUE,TRUE,TRUE,0.229999999999563
wearing a hoodie dancing on,the,the,TRUE,TRUE,TRUE,0.289999999999964,the,TRUE,TRUE,TRUE,0.279999999999745
would no,doubt,longer,FALSE,TRUE,TRUE,0.210000000000036,longer,FALSE,FALSE,FALSE,0.0799999999999272
deserving female from nyc area,for,of,FALSE,FALSE,TRUE,0.280000000000655,of,FALSE,FALSE,TRUE,0.269999999999527
were in,the,the,TRUE,TRUE,TRUE,0.25,the,TRUE,TRUE,TRUE,0.0799999999999272
club in,san,the,FALSE,FALSE,TRUE,0.25,the,FALSE,FALSE,FALSE,0.0799999999999272
â felt,they,like,FALSE,FALSE,TRUE,0.590000000000146,like,FALSE,FALSE,TRUE,0.590000000000146
to head to,the,the,TRUE,TRUE,TRUE,0.329999999999927,the,TRUE,TRUE,TRUE,0.110000000000582
on your iphone,it,s,FALSE,TRUE,TRUE,0.25,s,FALSE,TRUE,TRUE,0.25
locals turned up and we,all,are,FALSE,TRUE,TRUE,0.280000000000655,are,FALSE,TRUE,TRUE,0.130000000000109
this weekends series,both,of,FALSE,FALSE,FALSE,0.269999999999527,of,FALSE,FALSE,FALSE,0.25
home from,an,the,FALSE,TRUE,TRUE,0.230000000000473,work,FALSE,FALSE,FALSE,0.0900000000001455
is an immature little,boy,bit,FALSE,TRUE,TRUE,0.279999999999745,bit,FALSE,TRUE,TRUE,0.279999999999745
box of,crayons,the,FALSE,FALSE,FALSE,0.279999999999745,the,FALSE,FALSE,FALSE,0.300000000000182
my friend is,a,a,TRUE,TRUE,TRUE,0.320000000000618,a,TRUE,TRUE,TRUE,0.299999999999272
in the bonus  fouls,with,the,FALSE,FALSE,FALSE,0.280000000000655,the,FALSE,FALSE,FALSE,0.130000000000109
hey talk to me ,lol,and,FALSE,FALSE,TRUE,0.300000000000182,and,FALSE,FALSE,TRUE,0.140000000000327
switch that doesnât,do,the,FALSE,FALSE,FALSE,1.38999999999942,the,FALSE,FALSE,FALSE,1.34000000000015
benefits for,a,a,TRUE,TRUE,TRUE,0.220000000000255,a,TRUE,TRUE,TRUE,0.0799999999999272
photos this christmas and,i,then,FALSE,TRUE,TRUE,0.3799999999992,then,FALSE,FALSE,FALSE,0.119999999999891
the  gayest zip codes,are,and,FALSE,FALSE,FALSE,0.270000000000437,and,FALSE,FALSE,FALSE,0.25
weve officially,crashed,the,FALSE,FALSE,FALSE,0.270000000000437,the,FALSE,FALSE,FALSE,0.220000000000255
may have,made,been,FALSE,FALSE,TRUE,0.200000000000728,been,FALSE,FALSE,FALSE,0.0799999999999272
from so much glue all,the,the,TRUE,TRUE,TRUE,0.289999999999964,the,TRUE,TRUE,TRUE,0.270000000000437
convo we were,having,in,FALSE,FALSE,TRUE,0.25,in,FALSE,FALSE,TRUE,0.130000000000109
to control the,numbers,first,FALSE,FALSE,TRUE,0.449999999999818,first,FALSE,FALSE,TRUE,0.4399999999996
alyssaa party,today,and,FALSE,FALSE,TRUE,0.220000000000255,and,FALSE,FALSE,TRUE,0.199999999999818
think my background,is,and,FALSE,TRUE,TRUE,0.239999999999782,and,FALSE,TRUE,TRUE,0.230000000000473
who was herself,a,she,FALSE,FALSE,FALSE,0.25,she,FALSE,FALSE,FALSE,0.25
free,on,to,FALSE,FALSE,TRUE,0.140000000000327,to,FALSE,FALSE,TRUE,0.140000000000327
april  there,was,is,FALSE,TRUE,TRUE,0.349999999999454,no,FALSE,FALSE,TRUE,0.139999999999418
intel senior,principal,and,FALSE,FALSE,FALSE,0.230000000000473,and,FALSE,FALSE,FALSE,0.239999999999782
said appeared to,have,be,FALSE,TRUE,TRUE,0.329999999999927,be,FALSE,TRUE,TRUE,0.119999999999891
keep their sons story in,the,the,TRUE,TRUE,TRUE,0.340000000000146,the,TRUE,TRUE,TRUE,0.139999999999418
below that,building,i,FALSE,FALSE,FALSE,0.270000000000437,i,FALSE,FALSE,FALSE,0.270000000000437
i was surprised i cant,even,wait,FALSE,TRUE,TRUE,0.300000000000182,wait,FALSE,TRUE,TRUE,0.139999999999418
they need,you,to,FALSE,TRUE,TRUE,0.25,to,FALSE,FALSE,FALSE,0.109999999999673
for nonverbals,in,the,FALSE,TRUE,TRUE,0.239999999999782,the,FALSE,TRUE,TRUE,0.229999999999563
social life for the,next,first,FALSE,TRUE,TRUE,0.670000000000073,first,FALSE,TRUE,TRUE,0.139999999999418
wish you could separate,trending,the,FALSE,FALSE,FALSE,0.309999999999491,the,FALSE,FALSE,FALSE,0.279999999999745
glancee that was,quick,a,FALSE,FALSE,TRUE,0.260000000000218,a,FALSE,FALSE,FALSE,0.140000000000327
word staycation was added to,the,the,TRUE,TRUE,TRUE,0.340000000000146,the,TRUE,TRUE,TRUE,0.069999999999709
steve carrellas new jersey,representative,and,FALSE,FALSE,FALSE,0.25,will,FALSE,FALSE,FALSE,0.130000000000109
found she had a health,problem,care,FALSE,FALSE,FALSE,0.279999999999745,care,FALSE,FALSE,FALSE,0.279999999999745
beautiful week stay,focused,tuned,FALSE,FALSE,TRUE,0.25,tuned,FALSE,FALSE,TRUE,0.239999999999782
jobs than the,entire,one,FALSE,FALSE,TRUE,0.5,one,FALSE,FALSE,FALSE,0.130000000000109
do romanticism in an,age,interview,FALSE,TRUE,TRUE,0.309999999999491,interview,FALSE,TRUE,TRUE,0.109999999999673
then isnt,that,a,FALSE,TRUE,TRUE,0.270000000000437,a,FALSE,TRUE,TRUE,0.220000000000255
or i,could,should,FALSE,FALSE,TRUE,0.25,should,FALSE,FALSE,FALSE,0.0799999999999272
chat with girlfriend she didnt,know,have,FALSE,TRUE,TRUE,0.270000000000437,have,FALSE,TRUE,TRUE,0.119999999999891
to step out in,faith,the,FALSE,FALSE,TRUE,0.3100000000004,the,FALSE,FALSE,FALSE,0.119999999999891
these mossgrown domes with spiry,turrets,the,FALSE,FALSE,FALSE,0.260000000000218,the,FALSE,FALSE,FALSE,0.239999999999782
friday at,mark,pm,FALSE,FALSE,FALSE,0.239999999999782,pm,FALSE,FALSE,FALSE,0.0799999999999272
i just,took,want,FALSE,FALSE,TRUE,0.220000000000255,want,FALSE,FALSE,TRUE,0.0999999999994543
it was intense,challenging,and,FALSE,FALSE,FALSE,0.25,and,FALSE,FALSE,FALSE,0.229999999999563
are the,sâudras,best,FALSE,FALSE,FALSE,0.399999999999636,best,FALSE,FALSE,FALSE,0.100000000000364
your face the,next,same,FALSE,TRUE,TRUE,0.420000000000073,same,FALSE,FALSE,FALSE,0.0900000000001455
and himalaya milwaukee,at,i,FALSE,FALSE,FALSE,0.25,i,FALSE,FALSE,FALSE,0.239999999999782
praise the,lord,lord,TRUE,TRUE,TRUE,0.4399999999996,lord,TRUE,TRUE,TRUE,0.0799999999999272
raise from ,to,the,FALSE,TRUE,TRUE,0.259999999999309,the,FALSE,TRUE,TRUE,0.260000000000218
i have a real fear,of,of,TRUE,TRUE,TRUE,0.259999999999309,of,TRUE,TRUE,TRUE,0.25
the chicago,museum,illinois,FALSE,FALSE,FALSE,0.220000000000255,illinois,FALSE,FALSE,FALSE,0.220000000000255
did not submit to a,test,new,FALSE,FALSE,TRUE,0.4399999999996,new,FALSE,FALSE,FALSE,0.130000000000109
bit of a back,story,to,FALSE,FALSE,FALSE,0.329999999999927,to,FALSE,FALSE,FALSE,0.289999999999964
the first round of,the,the,TRUE,TRUE,TRUE,0.359999999999673,the,TRUE,TRUE,TRUE,0.0200000000004366
crazy without,me,a,FALSE,FALSE,FALSE,0.190000000000509,a,FALSE,FALSE,FALSE,0.199999999999818
publishers i,like,was,FALSE,FALSE,TRUE,0.229999999999563,was,FALSE,FALSE,TRUE,0.199999999999818
better not see near,a,the,FALSE,TRUE,TRUE,0.269999999999527,the,FALSE,TRUE,TRUE,0.25
us kids show,your,that,FALSE,FALSE,TRUE,0.270000000000437,that,FALSE,FALSE,TRUE,0.25
the course of,the,the,TRUE,TRUE,TRUE,0.319999999999709,the,TRUE,TRUE,TRUE,0.0500000000001819
the harlem,ambassadors,the,FALSE,FALSE,FALSE,0.220000000000255,the,FALSE,FALSE,FALSE,0.220000000000255
i just love,stalkers,it,FALSE,FALSE,FALSE,0.229999999999563,it,FALSE,FALSE,FALSE,0.110000000000582
a stranger into,a,the,FALSE,TRUE,TRUE,0.239999999999782,the,FALSE,TRUE,TRUE,0.1899999999996
but there isnt any service,that,i,FALSE,TRUE,TRUE,0.220000000000255,i,FALSE,TRUE,TRUE,0.239999999999782
only realized this when,i,i,TRUE,TRUE,TRUE,0.269999999999527,i,TRUE,TRUE,TRUE,0.140000000000327
go into physical,therapy,and,FALSE,TRUE,TRUE,0.25,and,FALSE,TRUE,TRUE,0.239999999999782
lets tweet,baby,me,FALSE,FALSE,FALSE,0.230000000000473,me,FALSE,FALSE,FALSE,0.219999999999345
nod or backwards when,they,i,FALSE,TRUE,TRUE,0.270000000000437,i,FALSE,TRUE,TRUE,0.239999999999782
some fraternity or sorority,on,the,FALSE,FALSE,FALSE,0.3100000000004,the,FALSE,FALSE,FALSE,0.25
the plight of the,africanamerican,most,FALSE,FALSE,FALSE,0.590000000000146,year,FALSE,FALSE,FALSE,0.149999999999636
on what ive,heard,been,FALSE,TRUE,TRUE,0.25,been,FALSE,FALSE,FALSE,0.109999999999673
so dont,start,make,FALSE,FALSE,TRUE,0.220000000000255,make,FALSE,FALSE,FALSE,0.0799999999999272
i might throw my computer,across,to,FALSE,FALSE,FALSE,0.279999999999745,to,FALSE,FALSE,FALSE,0.140000000000327
are right in,front,the,FALSE,TRUE,TRUE,0.299999999999272,the,FALSE,TRUE,TRUE,0.130000000000109
taco salad from taco bell,for,the,FALSE,TRUE,TRUE,0.269999999999527,the,FALSE,TRUE,TRUE,0.25
joins jim peck to talk,about,about,TRUE,TRUE,TRUE,0.279999999999745,about,TRUE,TRUE,TRUE,0.159999999999854
the morningloving this,thing,is,FALSE,FALSE,TRUE,0.289999999999964,is,FALSE,FALSE,TRUE,0.260000000000218
kimberly ac,wilson,the,FALSE,FALSE,FALSE,0.199999999999818,the,FALSE,FALSE,FALSE,0.200000000000728
for sharing that with,us,a,FALSE,FALSE,TRUE,0.279999999999745,a,FALSE,FALSE,FALSE,0.140000000000327
say i,am,am,TRUE,TRUE,TRUE,0.239999999999782,dont,FALSE,TRUE,TRUE,0.0900000000001455
points for miege,stephen,the,FALSE,FALSE,FALSE,0.220000000000255,the,FALSE,FALSE,FALSE,0.210000000000036
indoor am,antenna,i,FALSE,FALSE,FALSE,0.230000000000473,i,FALSE,FALSE,FALSE,0.239999999999782
ever been to the hudson,river,river,TRUE,TRUE,TRUE,0.279999999999745,river,TRUE,TRUE,TRUE,0.159999999999854
insurance costs other companies get,a,a,TRUE,TRUE,TRUE,0.269999999999527,a,TRUE,TRUE,TRUE,0.25
on my sheets,than,the,FALSE,FALSE,FALSE,0.239999999999782,the,FALSE,FALSE,FALSE,0.230000000000473
will be,the,a,FALSE,TRUE,TRUE,0.210000000000036,a,FALSE,TRUE,TRUE,0.0900000000001455
in a tight primary battle,since,of,FALSE,FALSE,FALSE,0.25,of,FALSE,FALSE,FALSE,0.25
a nuclear fast attack sub,commander,the,FALSE,FALSE,FALSE,0.260000000000218,the,FALSE,FALSE,FALSE,0.270000000000437
the way it did,so,not,FALSE,FALSE,TRUE,0.270000000000437,not,FALSE,FALSE,FALSE,0.119999999999891
warm cup of teavanas earl,grey,the,FALSE,FALSE,FALSE,0.279999999999745,the,FALSE,FALSE,FALSE,0.280000000000655
with clients and,provide,the,FALSE,FALSE,TRUE,0.340000000000146,the,FALSE,FALSE,TRUE,0.319999999999709
airport that,makes,i,FALSE,FALSE,TRUE,0.25,i,FALSE,FALSE,TRUE,0.25
â no go djoko,its,the,FALSE,FALSE,FALSE,0.260000000000218,the,FALSE,FALSE,FALSE,0.25
weeknd ate that dirty,diana,laundry,FALSE,FALSE,FALSE,0.260000000000218,laundry,FALSE,FALSE,FALSE,0.25
that youll,dress,be,FALSE,FALSE,FALSE,0.200000000000728,be,FALSE,FALSE,FALSE,0.210000000000036
am as uncomfortable,with,the,FALSE,FALSE,FALSE,0.259999999999309,the,FALSE,FALSE,FALSE,0.25
the cavs with ,points,the,FALSE,FALSE,TRUE,0.25,the,FALSE,FALSE,TRUE,0.25
me regardless of,my,the,FALSE,TRUE,TRUE,0.309999999999491,the,FALSE,TRUE,TRUE,0.130000000000109
on someoneâs blog,during,post,FALSE,FALSE,FALSE,0.75,post,FALSE,FALSE,FALSE,0.780000000000655
if something is,scienceheavy,going,FALSE,FALSE,FALSE,0.299999999999272,going,FALSE,FALSE,FALSE,0.109999999999673
monroe county,make,and,FALSE,FALSE,FALSE,0.220000000000255,and,FALSE,FALSE,FALSE,0.180000000000291
that a room,can,with,FALSE,FALSE,FALSE,0.279999999999745,with,FALSE,FALSE,FALSE,0.1200000000008
coworkers shower,you,curtain,FALSE,FALSE,FALSE,0.229999999999563,curtain,FALSE,FALSE,FALSE,0.210000000000036
thing is im,not,not,TRUE,TRUE,TRUE,0.280000000000655,not,TRUE,TRUE,TRUE,0.25
quiet you,can,can,TRUE,TRUE,TRUE,0.220000000000255,can,TRUE,TRUE,TRUE,0.210000000000036
im dating,a,back,FALSE,TRUE,TRUE,0.210000000000036,back,FALSE,TRUE,TRUE,0.200000000000728
exiting net openings in,chicago,the,FALSE,FALSE,TRUE,0.329999999999927,the,FALSE,FALSE,TRUE,0.289999999999964
victorias secret catalogue and now,i,i,TRUE,TRUE,TRUE,0.279999999999745,i,TRUE,TRUE,TRUE,0.140000000000327
just when,i,i,TRUE,TRUE,TRUE,0.199999999999818,i,TRUE,TRUE,TRUE,0.190000000000509
finished with,classes,the,FALSE,FALSE,TRUE,0.270000000000437,the,FALSE,FALSE,TRUE,0.210000000000036
about trader joes parking lot,at,of,FALSE,TRUE,TRUE,0.269999999999527,and,FALSE,TRUE,TRUE,0.110000000000582
are a two faced,hoe,with,FALSE,FALSE,FALSE,0.270000000000437,with,FALSE,FALSE,FALSE,0.25
much material youre able,to,to,TRUE,TRUE,TRUE,0.270000000000437,to,TRUE,TRUE,TRUE,0.109999999999673
out a potential showdown looms,with,the,FALSE,FALSE,FALSE,0.289999999999964,the,FALSE,FALSE,FALSE,0.260000000000218
i entered adulthood,and,and,TRUE,TRUE,TRUE,0.280000000000655,and,TRUE,TRUE,TRUE,0.279999999999745
up a pt,play,the,FALSE,FALSE,FALSE,0.229999999999563,the,FALSE,FALSE,FALSE,0.240000000000691
who supported him considered annexing,the,the,TRUE,TRUE,TRUE,0.280000000000655,the,TRUE,TRUE,TRUE,0.289999999999964
night im tired,as,of,FALSE,TRUE,TRUE,0.270000000000437,of,FALSE,FALSE,FALSE,0.149999999999636
hindi korean and a dozen,other,other,TRUE,TRUE,TRUE,0.279999999999745,other,TRUE,TRUE,TRUE,0.139999999999418
weekend is going well,cheers,as,FALSE,FALSE,FALSE,0.25,as,FALSE,FALSE,FALSE,0.239999999999782
them out left and,right,the,FALSE,FALSE,TRUE,0.380000000000109,the,FALSE,FALSE,TRUE,0.340000000000146
â for whatâs,essentially,the,FALSE,FALSE,FALSE,1.38000000000011,the,FALSE,FALSE,FALSE,1.39000000000033
keith urban is,here,a,FALSE,FALSE,TRUE,0.270000000000437,a,FALSE,FALSE,TRUE,0.25
i slept when i,walked,was,FALSE,FALSE,TRUE,0.279999999999745,was,FALSE,FALSE,TRUE,0.119999999999891
jade one thing,at,i,FALSE,FALSE,TRUE,0.260000000000218,i,FALSE,FALSE,FALSE,0.130000000000109
mobile user,experience,experience,TRUE,TRUE,TRUE,0.210000000000036,experience,TRUE,TRUE,TRUE,0.180000000000291
overpaid low motor takes too,many,much,FALSE,TRUE,TRUE,0.300000000000182,much,FALSE,TRUE,TRUE,0.279999999999745
bridge of gas and oil,pipelines,and,FALSE,FALSE,FALSE,0.289999999999964,and,FALSE,FALSE,FALSE,0.280000000000655
try a crash course in,typography,the,FALSE,FALSE,FALSE,0.319999999999709,the,FALSE,FALSE,FALSE,0.289999999999964
thanks for,not,the,FALSE,FALSE,TRUE,0.270000000000437,the,FALSE,FALSE,TRUE,0.109999999999673
lineup but,we,i,FALSE,TRUE,TRUE,0.220000000000255,i,FALSE,TRUE,TRUE,0.199999999999818
of the economist thankful for,spring,the,FALSE,FALSE,TRUE,0.300000000000182,all,FALSE,FALSE,FALSE,0.160000000000764
want one,where,thing,FALSE,FALSE,FALSE,0.229999999999563,thing,FALSE,FALSE,FALSE,0.0799999999999272
money used to build itâif,the,the,TRUE,TRUE,TRUE,1.44000000000051,the,TRUE,TRUE,TRUE,1.47000000000025
makes so much more,sense,than,FALSE,TRUE,TRUE,0.270000000000437,than,FALSE,TRUE,TRUE,0.0500000000001819
it took about a dozen,people,other,FALSE,FALSE,FALSE,0.289999999999964,other,FALSE,FALSE,FALSE,0.140000000000327
the jr version of,guys,the,FALSE,FALSE,TRUE,0.329999999999927,the,FALSE,FALSE,FALSE,0.109999999999673
ward office,open,of,FALSE,FALSE,FALSE,0.210000000000036,of,FALSE,FALSE,FALSE,0.210000000000036
the man,said,who,FALSE,FALSE,TRUE,0.219999999999345,who,FALSE,FALSE,FALSE,0.100000000000364
without curves is like a,pair,lot,FALSE,FALSE,TRUE,0.410000000000764,lot,FALSE,FALSE,FALSE,0.139999999999418
 rss feeds,and,the,FALSE,TRUE,TRUE,0.199999999999818,the,FALSE,TRUE,TRUE,0.199999999999818
racing you know,sidebyside,what,FALSE,FALSE,FALSE,0.25,what,FALSE,FALSE,FALSE,0.110000000000582
awesome but,i,i,TRUE,TRUE,TRUE,0.240000000000691,i,TRUE,TRUE,TRUE,0.219999999999345
your oudda,this,the,FALSE,FALSE,FALSE,0.220000000000255,the,FALSE,FALSE,FALSE,0.219999999999345
use aromatherapy,to,the,FALSE,TRUE,TRUE,0.199999999999818,the,FALSE,TRUE,TRUE,0.220000000000255
problem is,diet,a,FALSE,FALSE,FALSE,0.260000000000218,a,FALSE,FALSE,FALSE,0.230000000000473
like it,sure,was,FALSE,FALSE,TRUE,0.230000000000473,was,FALSE,FALSE,FALSE,0.100000000000364
the bottom ,percent,of,FALSE,FALSE,FALSE,0.239999999999782,of,FALSE,FALSE,FALSE,0.100000000000364
throwing up and,everything,down,FALSE,FALSE,TRUE,0.380000000000109,down,FALSE,FALSE,FALSE,0.109999999999673
city wont even get,the,to,FALSE,TRUE,TRUE,0.270000000000437,to,FALSE,TRUE,TRUE,0.170000000000073
to interact with,a,the,FALSE,TRUE,TRUE,0.279999999999745,the,FALSE,TRUE,TRUE,0.25
conditions are great for buying,but,a,FALSE,FALSE,FALSE,0.25,a,FALSE,FALSE,FALSE,0.240000000000691
short documentaries,on,the,FALSE,FALSE,FALSE,0.210000000000036,the,FALSE,FALSE,FALSE,0.210000000000036
rosefestivalparade  let,us,know,FALSE,TRUE,TRUE,0.25,know,FALSE,TRUE,TRUE,0.119999999999891
vonnegut â true,â,but,FALSE,FALSE,FALSE,0.779999999999745,but,FALSE,FALSE,FALSE,0.800000000000182
at my daughter and wondering,how,if,FALSE,TRUE,TRUE,0.279999999999745,if,FALSE,TRUE,TRUE,0.260000000000218
people cant wait to,see,see,TRUE,TRUE,TRUE,0.329999999999927,see,TRUE,TRUE,TRUE,0.069999999999709
one pet,peeve,peeves,FALSE,FALSE,FALSE,0.239999999999782,peeves,FALSE,FALSE,FALSE,0.199999999999818
not get,one,the,FALSE,FALSE,TRUE,0.210000000000036,the,FALSE,FALSE,FALSE,0.0999999999994543
would be something creative,and,and,TRUE,TRUE,TRUE,0.309999999999491,and,TRUE,TRUE,TRUE,0.280000000000655
such a,wonderful,great,FALSE,TRUE,TRUE,0.359999999999673,great,FALSE,TRUE,TRUE,0.109999999999673
at that lineup police said,none,the,FALSE,FALSE,TRUE,0.280000000000655,the,FALSE,FALSE,FALSE,0.119999999999891
your holiday weekend,to,and,FALSE,FALSE,TRUE,0.240000000000691,and,FALSE,FALSE,FALSE,0.130000000000109
airs olbermanns,dissatisfaction,the,FALSE,FALSE,FALSE,0.25,the,FALSE,FALSE,FALSE,0.230000000000473
gotta do to,get,get,TRUE,TRUE,TRUE,0.329999999999927,get,TRUE,TRUE,TRUE,0.109999999999673
workout tonight thanks,to,to,TRUE,TRUE,TRUE,0.289999999999964,to,TRUE,TRUE,TRUE,0.119999999999891
teaching the fasmode workshop in,sfv,the,FALSE,FALSE,FALSE,0.320000000000618,the,FALSE,FALSE,FALSE,0.279999999999745
doubles teams,in,in,TRUE,TRUE,TRUE,0.239999999999782,in,TRUE,TRUE,TRUE,0.219999999999345
first half,of,of,TRUE,TRUE,TRUE,0.220000000000255,of,TRUE,TRUE,TRUE,0.069999999999709
the highlands homes printcast is,about,a,FALSE,FALSE,TRUE,0.3100000000004,a,FALSE,FALSE,TRUE,0.3100000000004
bring us the precious,mt,little,FALSE,FALSE,FALSE,0.279999999999745,little,FALSE,FALSE,FALSE,0.25
work and,we,the,FALSE,TRUE,TRUE,0.390000000000327,need,FALSE,FALSE,FALSE,0.0799999999999272
convince my own ipad,that,and,FALSE,TRUE,TRUE,0.259999999999309,and,FALSE,TRUE,TRUE,0.270000000000437
my sunnyside eggs and my,french,friends,FALSE,FALSE,TRUE,0.299999999999272,friends,FALSE,FALSE,FALSE,0.140000000000327
to third on a,double,new,FALSE,FALSE,TRUE,0.429999999999382,new,FALSE,FALSE,TRUE,0.159999999999854
the hangover,would,the,FALSE,FALSE,FALSE,0.239999999999782,the,FALSE,FALSE,FALSE,0.239999999999782
why lexie you be on,my,the,FALSE,TRUE,TRUE,0.329999999999927,the,FALSE,TRUE,TRUE,0.149999999999636
truck when,things,i,FALSE,FALSE,TRUE,0.279999999999745,i,FALSE,FALSE,TRUE,0.25
all our social,media,media,TRUE,TRUE,TRUE,0.280000000000655,media,TRUE,TRUE,TRUE,0.170000000000073
any copyrights i,think,was,FALSE,TRUE,TRUE,0.259999999999309,was,FALSE,TRUE,TRUE,0.25
mind she looks phenomenal,and,the,FALSE,TRUE,TRUE,0.300000000000182,the,FALSE,TRUE,TRUE,0.25
together from all,over,the,FALSE,TRUE,TRUE,0.270000000000437,over,TRUE,TRUE,TRUE,0.109999999999673
henceforth yield unto thee her,strength,to,FALSE,FALSE,FALSE,0.279999999999745,to,FALSE,FALSE,FALSE,0.260000000000218
state republican chairman,bob,of,FALSE,FALSE,FALSE,0.25,of,FALSE,FALSE,FALSE,0.25
happy valentines day,yay,to,FALSE,FALSE,FALSE,0.25,to,FALSE,FALSE,FALSE,0.0300000000006548
i didnt say,that,it,FALSE,TRUE,TRUE,0.25,it,FALSE,FALSE,FALSE,0.109999999999673
patient abuse  patient,deaths,and,FALSE,FALSE,FALSE,0.230000000000473,and,FALSE,FALSE,FALSE,0.130000000000109
costumes with accessories,that,the,FALSE,TRUE,TRUE,0.25,the,FALSE,TRUE,TRUE,0.25
be adapted to,a,the,FALSE,TRUE,TRUE,0.350000000000364,the,FALSE,TRUE,TRUE,0.309999999999491
so go in may i,will,was,FALSE,FALSE,TRUE,0.279999999999745,was,FALSE,FALSE,TRUE,0.280000000000655
party dance and try new,craft,whole,FALSE,FALSE,FALSE,0.300000000000182,whole,FALSE,FALSE,FALSE,0.149999999999636
about the wicker park,crowd,and,FALSE,FALSE,FALSE,0.3100000000004,and,FALSE,FALSE,FALSE,0.230000000000473
of humor does not,concern,make,FALSE,FALSE,FALSE,0.279999999999745,make,FALSE,FALSE,FALSE,0.119999999999891
in an,age,interview,FALSE,TRUE,TRUE,0.25,interview,FALSE,TRUE,TRUE,0.0900000000001455
well get through it together,and,and,TRUE,TRUE,TRUE,0.319999999999709,and,TRUE,TRUE,TRUE,0.279999999999745
on north,avenue,carolina,FALSE,FALSE,FALSE,0.229999999999563,carolina,FALSE,FALSE,FALSE,0.199999999999818
her as she watched him,walk,to,FALSE,FALSE,TRUE,0.289999999999964,to,FALSE,FALSE,TRUE,0.260000000000218
paper i,attached,was,FALSE,FALSE,FALSE,0.239999999999782,was,FALSE,FALSE,FALSE,0.220000000000255
linked up,with,to,FALSE,TRUE,TRUE,0.239999999999782,to,FALSE,TRUE,TRUE,0.199999999999818
wow before we,know,get,FALSE,TRUE,TRUE,0.25,get,FALSE,TRUE,TRUE,0.109999999999673
somewhere that,youre,i,FALSE,FALSE,TRUE,0.259999999999309,i,FALSE,FALSE,TRUE,0.229999999999563
do this they wanted,to,to,TRUE,TRUE,TRUE,0.25,to,TRUE,TRUE,TRUE,0.140000000000327
you talk,to,to,TRUE,TRUE,TRUE,0.210000000000036,to,TRUE,TRUE,TRUE,0.069999999999709
manufacturers supermarkets and health experts,are,say,FALSE,FALSE,FALSE,0.300000000000182,say,FALSE,FALSE,FALSE,0.300000000000182
because illogical contraption rules,you,and,FALSE,FALSE,FALSE,0.270000000000437,and,FALSE,FALSE,FALSE,0.269999999999527
for watching,tv,tv,TRUE,TRUE,TRUE,0.210000000000036,tv,TRUE,TRUE,TRUE,0.0999999999994543
a c,k,and,FALSE,FALSE,FALSE,0.239999999999782,and,FALSE,FALSE,FALSE,0.199999999999818
sings a song incomplete,until,the,FALSE,FALSE,FALSE,0.300000000000182,the,FALSE,FALSE,FALSE,0.269999999999527
season will begin,april,to,FALSE,FALSE,FALSE,0.220000000000255,to,FALSE,FALSE,FALSE,0.119999999999891
been thinking about you,girl,and,FALSE,FALSE,TRUE,0.279999999999745,and,FALSE,FALSE,FALSE,0.140000000000327
hired you dont,have,have,TRUE,TRUE,TRUE,0.25,have,TRUE,TRUE,TRUE,0.109999999999673
was also employed by a,rave,few,FALSE,FALSE,FALSE,0.340000000000146,few,FALSE,FALSE,FALSE,0.110000000000582
i guess i just need,to,to,TRUE,TRUE,TRUE,0.210000000000036,to,TRUE,TRUE,TRUE,0.0500000000001819
the black,cactus,eyed,FALSE,FALSE,FALSE,0.170000000000073,eyed,FALSE,FALSE,FALSE,0.0800000000008367
work i take,it,it,TRUE,TRUE,TRUE,0.180000000000291,it,TRUE,TRUE,TRUE,0.089999999999236
composite index,rose,rose,TRUE,TRUE,TRUE,0.139999999999418,rose,TRUE,TRUE,TRUE,0.119999999999891
speedskaters who will,be,be,TRUE,TRUE,TRUE,0.149999999999636,be,TRUE,TRUE,TRUE,0.0600000000004002
submason dixon line,series,of,FALSE,FALSE,FALSE,0.140000000000327,of,FALSE,FALSE,FALSE,0.149999999999636
placing a glass,order,of,FALSE,FALSE,FALSE,0.170000000000073,of,FALSE,FALSE,FALSE,0.069999999999709
we can make,a,it,FALSE,TRUE,TRUE,0.119999999999891,a,TRUE,TRUE,TRUE,0.0299999999997453
with ease,the,into,FALSE,TRUE,TRUE,0.1299999999992,into,FALSE,TRUE,TRUE,0.109999999999673
of the julia west,house,coast,FALSE,FALSE,FALSE,0.130000000000109,coast,FALSE,FALSE,FALSE,0.25
lane courtesy,month,of,FALSE,FALSE,FALSE,0.229999999999563,of,FALSE,FALSE,FALSE,0.220000000000255
total sales as,of,a,FALSE,FALSE,TRUE,0.280000000000655,a,FALSE,FALSE,TRUE,0.329999999999927
thanks and you,too,can,FALSE,FALSE,TRUE,0.289999999999964,can,FALSE,FALSE,TRUE,0.130000000000109
planners have been,busy,a,FALSE,FALSE,TRUE,0.25,a,FALSE,FALSE,TRUE,0.119999999999891
,at,the,FALSE,FALSE,FALSE,0.0200000000004366,the,FALSE,FALSE,FALSE,0
way lil,mama,wayne,FALSE,TRUE,TRUE,0.190000000000509,wayne,FALSE,TRUE,TRUE,0.199999999999818
and other,nonroad,people,FALSE,FALSE,FALSE,0.230000000000473,things,FALSE,FALSE,FALSE,0.0900000000001455
publicly dismantle,bermans,the,FALSE,FALSE,FALSE,0.190000000000509,the,FALSE,FALSE,FALSE,0.199999999999818
its nice to,have,have,TRUE,TRUE,TRUE,0.319999999999709,have,TRUE,TRUE,TRUE,0.0299999999997453
awesome thanksgiving,why,to,FALSE,FALSE,FALSE,0.25,to,FALSE,FALSE,FALSE,0.230000000000473
any equal opportunity socialist,would,the,FALSE,FALSE,FALSE,0.300000000000182,the,FALSE,FALSE,FALSE,0.279999999999745
the woods wasnt practical,its,terms,FALSE,FALSE,FALSE,0.270000000000437,terms,FALSE,FALSE,FALSE,0.25
my head is,freakin,a,FALSE,FALSE,FALSE,0.279999999999745,a,FALSE,FALSE,FALSE,0.279999999999745
will caution,parents,the,FALSE,FALSE,FALSE,0.210000000000036,the,FALSE,FALSE,FALSE,0.199999999999818
team at the tradeshow,will,the,FALSE,FALSE,FALSE,0.279999999999745,the,FALSE,FALSE,FALSE,0.279999999999745
there lapp said,but,the,FALSE,TRUE,TRUE,0.269999999999527,the,FALSE,TRUE,TRUE,0.260000000000218
new look with,colorful,the,FALSE,FALSE,FALSE,0.259999999999309,the,FALSE,FALSE,FALSE,0.240000000000691
so sweet cherish your,time,favorite,FALSE,TRUE,TRUE,0.280000000000655,favorite,FALSE,TRUE,TRUE,0.269999999999527
for desperate measures my,friend,life,FALSE,TRUE,TRUE,0.289999999999964,life,FALSE,TRUE,TRUE,0.25
experiences fine finer and,finest,the,FALSE,FALSE,FALSE,0.3700000000008,the,FALSE,FALSE,FALSE,0.380000000000109
on the things you,learned,can,FALSE,FALSE,TRUE,0.300000000000182,can,FALSE,FALSE,FALSE,0.159999999999854
is a,mf,great,FALSE,FALSE,FALSE,0.360000000000582,great,FALSE,FALSE,FALSE,0.0900000000001455
your user,name,experience,FALSE,FALSE,FALSE,0.269999999999527,experience,FALSE,FALSE,FALSE,0.239999999999782
lids before running,out,back,FALSE,TRUE,TRUE,0.270000000000437,back,FALSE,TRUE,TRUE,0.25
my last tweet,just,me,FALSE,FALSE,TRUE,0.25,me,FALSE,FALSE,TRUE,0.25
i finally found the,time,perfect,FALSE,FALSE,TRUE,0.489999999999782,perfect,FALSE,FALSE,FALSE,0.109999999999673
 well said,wonder,rt,FALSE,FALSE,FALSE,0.229999999999563,rt,FALSE,FALSE,FALSE,0.109999999999673
street bar and have,a,a,TRUE,TRUE,TRUE,0.300000000000182,a,TRUE,TRUE,TRUE,0.140000000000327
yeah i appreciated it,even,was,FALSE,FALSE,TRUE,0.319999999999709,was,FALSE,FALSE,TRUE,0.360000000000582
bloggers and please vote,for,for,TRUE,TRUE,TRUE,0.300000000000182,for,TRUE,TRUE,TRUE,0.230000000000473
due to,close,the,FALSE,FALSE,TRUE,0.3100000000004,the,FALSE,FALSE,FALSE,0.0799999999999272
my tweets before,i,the,FALSE,TRUE,TRUE,0.229999999999563,the,FALSE,TRUE,TRUE,0.199999999999818
me is jus,weed,the,FALSE,FALSE,FALSE,0.220000000000255,the,FALSE,FALSE,FALSE,0.199999999999818
a willing general,assembly,manager,FALSE,TRUE,TRUE,0.25,manager,FALSE,TRUE,TRUE,0.239999999999782
merry christmas,pittsburgh,to,FALSE,FALSE,FALSE,0.220000000000255,to,FALSE,FALSE,FALSE,0.0900000000001455
be varsity being a,sophomore,great,FALSE,FALSE,TRUE,0.380000000000109,great,FALSE,FALSE,FALSE,0.119999999999891
people are calling,the,the,TRUE,TRUE,TRUE,0.25,the,TRUE,TRUE,TRUE,0.110000000000582
youmightbeanautismparentif your,child,favorite,FALSE,FALSE,TRUE,0.239999999999782,favorite,FALSE,FALSE,TRUE,0.220000000000255
lesser salary,helps,cap,FALSE,FALSE,FALSE,0.220000000000255,cap,FALSE,FALSE,FALSE,0.199999999999818
a viseversa vote occurred and,the,the,TRUE,TRUE,TRUE,0.389999999999418,the,TRUE,TRUE,TRUE,0.350000000000364
comes to sports but,horse,i,FALSE,FALSE,FALSE,0.270000000000437,i,FALSE,FALSE,FALSE,0.25
sock the came,today,to,FALSE,FALSE,FALSE,0.300000000000182,to,FALSE,FALSE,FALSE,0.270000000000437
my jobs until tomorrow i,have,have,TRUE,TRUE,TRUE,0.340000000000146,will,FALSE,TRUE,TRUE,0.139999999999418
day suxbut gotta get,paid,my,FALSE,FALSE,TRUE,0.280000000000655,my,FALSE,FALSE,FALSE,0.119999999999891
africans and he influenced,the,by,FALSE,FALSE,FALSE,0.289999999999964,by,FALSE,FALSE,FALSE,0.339999999999236
everyone that came out,to,of,FALSE,TRUE,TRUE,0.300000000000182,of,FALSE,TRUE,TRUE,0.140000000000327
adam lawrence,breaks,the,FALSE,FALSE,FALSE,0.200000000000728,the,FALSE,FALSE,FALSE,0.25
i would really dig it,if,was,FALSE,FALSE,TRUE,0.390000000000327,was,FALSE,FALSE,TRUE,0.289999999999964
 other folks milling,about,the,FALSE,FALSE,FALSE,0.229999999999563,the,FALSE,FALSE,FALSE,0.229999999999563
and callers on new,jersey,years,FALSE,TRUE,TRUE,0.279999999999745,years,FALSE,FALSE,FALSE,0.119999999999891
on a busted up,leg,to,FALSE,FALSE,FALSE,0.25,to,FALSE,FALSE,FALSE,0.230000000000473
 draft beers ,including,that,FALSE,FALSE,FALSE,0.1899999999996,that,FALSE,FALSE,FALSE,0.199999999999818
why thank you pandora,i,and,FALSE,TRUE,TRUE,0.269999999999527,and,FALSE,TRUE,TRUE,0.25
below story is shared with,permission,the,FALSE,FALSE,TRUE,0.359999999999673,the,FALSE,FALSE,FALSE,0.179999999999382
im down for,whatever,the,FALSE,FALSE,TRUE,0.279999999999745,a,FALSE,FALSE,FALSE,0.109999999999673
always bring luck to,the,all,FALSE,TRUE,TRUE,0.350000000000364,all,FALSE,TRUE,TRUE,0.119999999999891
strongest people i,know,know,TRUE,TRUE,TRUE,0.270000000000437,know,TRUE,TRUE,TRUE,0.109999999999673
alone remember,you,that,FALSE,FALSE,TRUE,0.210000000000036,that,FALSE,FALSE,TRUE,0.220000000000255
shop if you are headed,out,to,FALSE,TRUE,TRUE,0.269999999999527,to,FALSE,TRUE,TRUE,0.270000000000437
right now on,dailyshow,the,FALSE,FALSE,FALSE,0.340000000000146,the,FALSE,FALSE,FALSE,0.109999999999673
home from,work,the,FALSE,TRUE,TRUE,0.230000000000473,work,TRUE,TRUE,TRUE,0.100000000000364
on my,tongue,way,FALSE,FALSE,TRUE,0.25,way,FALSE,FALSE,TRUE,0.100000000000364
been a while,but,since,FALSE,TRUE,TRUE,0.25,since,FALSE,FALSE,FALSE,0.0299999999997453
recipe hes worked on steadily,tweaking,the,FALSE,FALSE,FALSE,0.279999999999745,the,FALSE,FALSE,FALSE,0.269999999999527
look for nikestrobe really cool,stuff,and,FALSE,TRUE,TRUE,0.280000000000655,and,FALSE,TRUE,TRUE,0.25
to reply with,the,the,TRUE,TRUE,TRUE,0.300000000000182,the,TRUE,TRUE,TRUE,0.270000000000437
cousins can,get,be,FALSE,TRUE,TRUE,0.25,be,FALSE,TRUE,TRUE,0.239999999999782
contemporary artists of african,descent,descent,TRUE,TRUE,TRUE,0.309999999999491,descent,TRUE,TRUE,TRUE,0.160000000000764
motivation to get out,of,of,TRUE,TRUE,TRUE,0.309999999999491,of,TRUE,TRUE,TRUE,0.069999999999709
in the last ,months,years,FALSE,FALSE,TRUE,0.320000000000618,six,FALSE,FALSE,FALSE,0.0500000000001819
where are,you,you,TRUE,TRUE,TRUE,0.229999999999563,you,TRUE,TRUE,TRUE,0.0799999999999272
in the arabian peninsula,or,the,FALSE,FALSE,FALSE,0.330000000000837,the,FALSE,FALSE,FALSE,0.270000000000437
festival will feature the brad,paisley,i,FALSE,FALSE,FALSE,0.279999999999745,i,FALSE,FALSE,FALSE,0.25
aint luck itll be,skill,a,FALSE,FALSE,FALSE,0.279999999999745,a,FALSE,FALSE,FALSE,0.259999999999309
officers will see,his,the,FALSE,FALSE,TRUE,0.25,the,FALSE,FALSE,FALSE,0.109999999999673
and thanks to have a,splendid,good,FALSE,FALSE,TRUE,0.399999999999636,good,FALSE,FALSE,FALSE,0.0799999999999272
geekswhodrink tonight,the,at,FALSE,TRUE,TRUE,0.230000000000473,at,FALSE,TRUE,TRUE,0.219999999999345
 i â harry potter,movies,the,FALSE,FALSE,FALSE,0.390000000000327,the,FALSE,FALSE,FALSE,0.359999999999673
allstar saturday draws its most,viewers,of,FALSE,FALSE,FALSE,0.25,of,FALSE,FALSE,FALSE,0.25
lines over the years,mostly,and,FALSE,FALSE,FALSE,0.269999999999527,and,FALSE,FALSE,FALSE,0.0500000000001819
sweet and sour,ribs,cream,FALSE,FALSE,FALSE,0.269999999999527,cream,FALSE,FALSE,FALSE,0.25
to cash in on,the,the,TRUE,TRUE,TRUE,0.289999999999964,the,TRUE,TRUE,TRUE,0.0100000000002183
years of being a,driver,driver,TRUE,TRUE,TRUE,0.3700000000008,driver,TRUE,TRUE,TRUE,0.0499999999992724
uw will,stay,be,FALSE,FALSE,TRUE,0.220000000000255,be,FALSE,FALSE,TRUE,0.220000000000255
phenomenal what he would have,averaged,to,FALSE,FALSE,TRUE,0.279999999999745,to,FALSE,FALSE,FALSE,0.0499999999992724
of wine nd endless ciggs,before,the,FALSE,FALSE,FALSE,0.270000000000437,the,FALSE,FALSE,FALSE,0.210000000000036
and having pink lipstick on,rt,the,FALSE,FALSE,TRUE,0.390000000000327,the,FALSE,FALSE,TRUE,0.299999999999272
wheeler â associate,professor,pastor,FALSE,FALSE,FALSE,0.829999999999927,pastor,FALSE,FALSE,FALSE,0.75
said we know what it,feels,is,FALSE,TRUE,TRUE,0.280000000000655,is,FALSE,TRUE,TRUE,0.130000000000109
easy with good,people,morning,FALSE,FALSE,TRUE,0.229999999999563,morning,FALSE,FALSE,TRUE,0.230000000000473
for alliance,conference,against,FALSE,FALSE,FALSE,0.219999999999345,against,FALSE,FALSE,FALSE,0.210000000000036
its for,the,a,FALSE,TRUE,TRUE,0.239999999999782,a,FALSE,FALSE,FALSE,0.0900000000001455
journalist chris hedges,talks,the,FALSE,FALSE,FALSE,0.219999999999345,the,FALSE,FALSE,FALSE,0.220000000000255
in classroom not who shows,up,that,FALSE,TRUE,TRUE,0.270000000000437,that,FALSE,TRUE,TRUE,0.25
two outs in,the,the,TRUE,TRUE,TRUE,0.280000000000655,the,TRUE,TRUE,TRUE,0.289999999999964
mascara am,i,i,TRUE,TRUE,TRUE,0.220000000000255,i,TRUE,TRUE,TRUE,0.220000000000255
camping bc,of,of,TRUE,TRUE,TRUE,0.199999999999818,of,TRUE,TRUE,TRUE,0.210000000000036
than safety i,want,was,FALSE,FALSE,TRUE,0.279999999999745,was,FALSE,FALSE,TRUE,0.259999999999309
forced to,sell,eat,FALSE,FALSE,TRUE,0.309999999999491,eat,FALSE,FALSE,FALSE,0.089999999999236
vote  matter now more,than,than,TRUE,TRUE,TRUE,0.260000000000218,than,TRUE,TRUE,TRUE,0.140000000000327
some nice,mountain,to,FALSE,FALSE,FALSE,0.219999999999345,to,FALSE,FALSE,FALSE,0.210000000000036
from this time period,that,of,FALSE,FALSE,FALSE,0.279999999999745,of,FALSE,FALSE,FALSE,0.280000000000655
this is the,only,first,FALSE,TRUE,TRUE,0.480000000000473,first,FALSE,FALSE,FALSE,0.0299999999997453
too kind,and,of,FALSE,TRUE,TRUE,0.210000000000036,of,FALSE,TRUE,TRUE,0.210000000000036
else ,still,is,FALSE,FALSE,FALSE,0.159999999999854,is,FALSE,FALSE,FALSE,0.159999999999854
shwartz is very wellqualified,to,the,FALSE,TRUE,TRUE,0.269999999999527,the,FALSE,TRUE,TRUE,0.259999999999309
absolutely a book that,moms,i,FALSE,FALSE,FALSE,0.289999999999964,i,FALSE,FALSE,FALSE,0.269999999999527
reusable shopping,bags,for,FALSE,FALSE,FALSE,0.25,for,FALSE,FALSE,FALSE,0.219999999999345
our,friend,new,FALSE,FALSE,TRUE,0.160000000000764,new,FALSE,FALSE,TRUE,0.140000000000327
happy mothers,day,day,TRUE,TRUE,TRUE,0.219999999999345,day,TRUE,TRUE,TRUE,0.0900000000001455
for,a,the,FALSE,TRUE,TRUE,0.149999999999636,the,FALSE,TRUE,TRUE,0.140000000000327
be illegal,in,immigrants,FALSE,FALSE,FALSE,0.219999999999345,immigrants,FALSE,FALSE,FALSE,0.210000000000036
to you,too,too,TRUE,TRUE,TRUE,0.25,too,TRUE,TRUE,TRUE,0.110000000000582
juss crossed over the,virgina,years,FALSE,FALSE,FALSE,0.5600000000004,years,FALSE,FALSE,FALSE,0.130000000000109
act is it to make,an,the,FALSE,TRUE,TRUE,0.279999999999745,the,FALSE,FALSE,FALSE,0.069999999999709
of us need,to,to,TRUE,TRUE,TRUE,0.229999999999563,to,TRUE,TRUE,TRUE,0.229999999999563
lil einsteins this weekend wmy,grandson,the,FALSE,FALSE,FALSE,0.270000000000437,the,FALSE,FALSE,FALSE,0.25
will all smell,of,of,TRUE,TRUE,TRUE,0.260000000000218,of,TRUE,TRUE,TRUE,0.25
grassroots operation a,nonprofit,few,FALSE,FALSE,TRUE,0.369999999999891,few,FALSE,FALSE,TRUE,0.360000000000582
each week and learning to,be,the,FALSE,TRUE,TRUE,0.350000000000364,the,FALSE,TRUE,TRUE,0.329999999999927
really need to find apartment,in,building,FALSE,TRUE,TRUE,0.289999999999964,building,FALSE,TRUE,TRUE,0.300000000000182
key areas of presentationlawnwalkwayentrancefront,doorrugs,the,FALSE,FALSE,FALSE,0.320000000000618,the,FALSE,FALSE,FALSE,0.329999999999927
killing a person,when,who,FALSE,FALSE,TRUE,0.25,who,FALSE,FALSE,FALSE,0.1200000000008
is another perfect,fit,for,FALSE,FALSE,FALSE,0.289999999999964,for,FALSE,FALSE,FALSE,0.260000000000218
but the opinion is a,self,great,FALSE,FALSE,TRUE,0.400000000000546,great,FALSE,FALSE,TRUE,0.159999999999854
what are you up,to,to,TRUE,TRUE,TRUE,0.280000000000655,to,TRUE,TRUE,TRUE,0.0200000000004366
tend to read more,articles,than,FALSE,FALSE,TRUE,0.299999999999272,than,FALSE,FALSE,TRUE,0.25
with grilled chicken and pearsmy,absolute,the,FALSE,FALSE,FALSE,0.260000000000218,the,FALSE,FALSE,FALSE,0.269999999999527
weight limitations and the,leagues,other,FALSE,FALSE,TRUE,0.5600000000004,other,FALSE,FALSE,FALSE,0.140000000000327
stephanie hightower who made,the,the,TRUE,TRUE,TRUE,0.269999999999527,the,TRUE,TRUE,TRUE,0.140000000000327
the ad was submitted,newsom,to,FALSE,FALSE,FALSE,0.270000000000437,to,FALSE,FALSE,FALSE,0.259999999999309
met chingy,onceyawns,the,FALSE,FALSE,FALSE,0.199999999999818,the,FALSE,FALSE,FALSE,0.210000000000036
should be half of your,height,life,FALSE,FALSE,FALSE,0.300000000000182,choice,FALSE,FALSE,FALSE,0.139999999999418
better telly,is,the,FALSE,TRUE,TRUE,0.210000000000036,the,FALSE,TRUE,TRUE,0.219999999999345
raggedy rawney  a unique,treatise,and,FALSE,FALSE,FALSE,0.270000000000437,and,FALSE,FALSE,FALSE,0.259999999999309
of jim nabors at,the,the,TRUE,TRUE,TRUE,0.279999999999745,the,TRUE,TRUE,TRUE,0.259999999999309
hit the nation carter was,a,a,TRUE,TRUE,TRUE,0.280000000000655,a,TRUE,TRUE,TRUE,0.239999999999782
barnes ,noble,noble,TRUE,TRUE,TRUE,0.130000000000109,noble,TRUE,TRUE,TRUE,0.110000000000582
is adorable actually but,just,i,FALSE,FALSE,TRUE,0.259999999999309,i,FALSE,FALSE,TRUE,0.25
in the workplace,i,the,FALSE,TRUE,TRUE,0.229999999999563,the,FALSE,TRUE,TRUE,0.25
really would have liked a,box,few,FALSE,FALSE,TRUE,0.380000000000109,few,FALSE,FALSE,TRUE,0.360000000000582
mom for mothers day check,these,out,FALSE,FALSE,FALSE,0.25,out,FALSE,FALSE,FALSE,0.199999999999818
even attempt the,last,first,FALSE,TRUE,TRUE,0.470000000000255,first,FALSE,TRUE,TRUE,0.4399999999996
lazy hes lazy is what,it,i,FALSE,TRUE,TRUE,0.269999999999527,i,FALSE,TRUE,TRUE,0.119999999999891
we have to study for,us,my,FALSE,FALSE,TRUE,0.25,my,FALSE,FALSE,FALSE,0.109999999999673
were still,back,in,FALSE,FALSE,FALSE,0.170000000000073,alive,FALSE,FALSE,FALSE,0.0599999999994907
nashville at phoenix  pm,if,the,FALSE,FALSE,TRUE,0.170000000000073,to,FALSE,FALSE,FALSE,0.0799999999999272
rapper and singer,going,and,FALSE,FALSE,FALSE,0.159999999999854,and,FALSE,FALSE,FALSE,0.140000000000327
the only,rappers,one,FALSE,FALSE,FALSE,0.160000000000764,one,FALSE,FALSE,FALSE,0.0600000000004002
already on to,novembers,the,FALSE,FALSE,FALSE,0.199999999999818,the,FALSE,FALSE,FALSE,0.069999999999709
iâm assuming that,in,i,FALSE,FALSE,TRUE,0.409999999999855,i,FALSE,FALSE,TRUE,0.390000000000327
headed to,fort,the,FALSE,FALSE,FALSE,0.279999999999745,the,FALSE,FALSE,FALSE,0.100000000000364
and harder,to,to,TRUE,TRUE,TRUE,0.220000000000255,to,TRUE,TRUE,TRUE,0.210000000000036
psychological handles,looking,the,FALSE,FALSE,FALSE,0.199999999999818,the,FALSE,FALSE,FALSE,0.199999999999818
be odd but most importantly,it,the,FALSE,FALSE,FALSE,0.270000000000437,the,FALSE,FALSE,FALSE,0.279999999999745
alittle better  ,i,than,FALSE,TRUE,TRUE,0.229999999999563,than,FALSE,TRUE,TRUE,0.199999999999818
product by,selling,the,FALSE,FALSE,TRUE,0.199999999999818,the,FALSE,FALSE,TRUE,0.1899999999996
and the,economy,other,FALSE,FALSE,TRUE,0.420000000000073,other,FALSE,FALSE,TRUE,0.100000000000364
youre welcome rt yet another,time,one,FALSE,TRUE,TRUE,0.280000000000655,one,FALSE,TRUE,TRUE,0.25
you im definitely,going,not,FALSE,FALSE,FALSE,0.25,not,FALSE,FALSE,FALSE,0.230000000000473
nap today and now have,a,to,FALSE,TRUE,TRUE,0.300000000000182,to,FALSE,TRUE,TRUE,0.140000000000327
and hated even more,the,than,FALSE,FALSE,TRUE,0.259999999999309,than,FALSE,FALSE,FALSE,0.140000000000327
me u dig,lol,it,FALSE,FALSE,FALSE,0.229999999999563,it,FALSE,FALSE,FALSE,0.219999999999345
ipad for less than ,head,a,FALSE,FALSE,TRUE,0.279999999999745,a,FALSE,FALSE,FALSE,0.119999999999891
 cant,wait,wait,TRUE,TRUE,TRUE,0.140000000000327,wait,TRUE,TRUE,TRUE,0.130000000000109
good luck doesnt,die,have,FALSE,FALSE,FALSE,0.25,have,FALSE,FALSE,FALSE,0.239999999999782
appreciate the retweet fam i,see,see,TRUE,TRUE,TRUE,0.300000000000182,see,TRUE,TRUE,TRUE,0.140000000000327
the twilight,zone,zone,TRUE,TRUE,TRUE,0.280000000000655,zone,TRUE,TRUE,TRUE,0.109999999999673
always followed kristin into,the,the,TRUE,TRUE,TRUE,0.25,the,TRUE,TRUE,TRUE,0.279999999999745
they thinks its,scary,a,FALSE,FALSE,TRUE,0.279999999999745,a,FALSE,FALSE,FALSE,0.140000000000327
up on the dvr waiting,for,for,TRUE,TRUE,TRUE,0.289999999999964,for,TRUE,TRUE,TRUE,0.25
monday is,almost,a,FALSE,FALSE,TRUE,0.240000000000691,a,FALSE,FALSE,TRUE,0.199999999999818
im just being,a,a,TRUE,TRUE,TRUE,0.239999999999782,a,TRUE,TRUE,TRUE,0.199999999999818
check out the band here,too,in,FALSE,FALSE,TRUE,0.25,in,FALSE,FALSE,TRUE,0.25
you really do need,one,to,FALSE,FALSE,TRUE,0.25,to,FALSE,FALSE,FALSE,0.0500000000001819
warm reception from democrats,and,and,TRUE,TRUE,TRUE,0.25,and,TRUE,TRUE,TRUE,0.230000000000473
you for some advice on,how,the,FALSE,FALSE,TRUE,0.300000000000182,the,FALSE,FALSE,TRUE,0.289999999999964
my meetings with,himâ,the,FALSE,FALSE,FALSE,0.25,the,FALSE,FALSE,FALSE,0.239999999999782
not sure if,thats,i,FALSE,TRUE,TRUE,0.25,i,FALSE,TRUE,TRUE,0.0299999999997453
more hours till,easter,the,FALSE,FALSE,FALSE,0.25,the,FALSE,FALSE,FALSE,0.229999999999563
i know my face just,cleared,a,FALSE,FALSE,FALSE,0.25,a,FALSE,FALSE,FALSE,0.25
of women somewhere,salivating,in,FALSE,FALSE,FALSE,0.25,in,FALSE,FALSE,FALSE,0.25
small river town of,chester,the,FALSE,FALSE,FALSE,0.329999999999927,the,FALSE,FALSE,FALSE,0.319999999999709
department denied,that,that,TRUE,TRUE,TRUE,0.199999999999818,that,TRUE,TRUE,TRUE,0.1899999999996
his dad also,brought,a,FALSE,FALSE,TRUE,0.25,a,FALSE,FALSE,TRUE,0.229999999999563
sector instead it is,quite,a,FALSE,FALSE,TRUE,0.279999999999745,a,FALSE,FALSE,TRUE,0.140000000000327
really enjoyed,his,the,FALSE,FALSE,FALSE,0.240000000000691,the,FALSE,FALSE,FALSE,0.220000000000255
of the yes network who,was,is,FALSE,TRUE,TRUE,0.269999999999527,is,FALSE,TRUE,TRUE,0.25
following aprils devastating tornadoesvirginia,farmers,the,FALSE,FALSE,FALSE,0.279999999999745,the,FALSE,FALSE,FALSE,0.279999999999745
we had,kept,a,FALSE,FALSE,TRUE,0.229999999999563,a,FALSE,FALSE,FALSE,0.0799999999999272
cyworld account if he,already,had,FALSE,FALSE,TRUE,0.259999999999309,had,FALSE,FALSE,FALSE,0.119999999999891
means i no longer,have,have,TRUE,TRUE,TRUE,0.260000000000218,have,TRUE,TRUE,TRUE,0.140000000000327
if it looks,like,like,TRUE,TRUE,TRUE,0.229999999999563,like,TRUE,TRUE,TRUE,0.130000000000109
am  last time i,saw,was,FALSE,FALSE,TRUE,0.300000000000182,was,FALSE,FALSE,FALSE,0.0399999999999636
from others isnt,love,a,FALSE,FALSE,FALSE,0.270000000000437,a,FALSE,FALSE,FALSE,0.229999999999563
the latest chapter,in,of,FALSE,TRUE,TRUE,0.25,of,FALSE,TRUE,TRUE,0.240000000000691
predominantly hispanic,congregation,registered,FALSE,FALSE,FALSE,0.220000000000255,registered,FALSE,FALSE,FALSE,0.199999999999818
i just want to,be,say,FALSE,TRUE,TRUE,0.330000000000837,say,FALSE,TRUE,TRUE,0.0200000000004366
recognized by their bald,heads,headed,FALSE,FALSE,FALSE,0.219999999999345,headed,FALSE,FALSE,FALSE,0.230000000000473
now so,why,i,FALSE,FALSE,TRUE,0.230000000000473,i,FALSE,FALSE,TRUE,0.220000000000255
go out to ,our,the,FALSE,TRUE,TRUE,0.329999999999927,the,FALSE,FALSE,FALSE,0.0299999999997453
good fam i called you,the,can,FALSE,FALSE,TRUE,0.279999999999745,can,FALSE,FALSE,TRUE,0.230000000000473
chief to leave office,until,of,FALSE,FALSE,FALSE,0.260000000000218,of,FALSE,FALSE,FALSE,0.239999999999782
much made the same our,foundation,new,FALSE,FALSE,FALSE,0.279999999999745,new,FALSE,FALSE,FALSE,0.270000000000437
i do believe,that,that,TRUE,TRUE,TRUE,0.239999999999782,that,TRUE,TRUE,TRUE,0.220000000000255
document was a,part,great,FALSE,FALSE,TRUE,0.350000000000364,great,FALSE,FALSE,TRUE,0.109999999999673
 valuable,insights,as,FALSE,FALSE,FALSE,0.109999999999673,as,FALSE,FALSE,FALSE,0.109999999999673
a little too straight,into,to,FALSE,TRUE,TRUE,0.289999999999964,to,FALSE,TRUE,TRUE,0.260000000000218
you got,me,my,FALSE,TRUE,TRUE,0.199999999999818,my,FALSE,FALSE,FALSE,0.0799999999999272
bbq and drink with me,and,and,TRUE,TRUE,TRUE,0.25,and,TRUE,TRUE,TRUE,0.119999999999891
government out of the,way,way,TRUE,TRUE,TRUE,0.559999999999491,way,TRUE,TRUE,TRUE,0.0500000000001819
in may,challenge,the,FALSE,FALSE,FALSE,0.220000000000255,to,FALSE,FALSE,FALSE,0.0999999999994543
get a save,then,the,FALSE,FALSE,FALSE,0.239999999999782,the,FALSE,FALSE,FALSE,0.229999999999563
stay tune,for,in,FALSE,FALSE,FALSE,0.220000000000255,in,FALSE,FALSE,FALSE,0.199999999999818
uso keep up,the,the,TRUE,TRUE,TRUE,0.220000000000255,the,TRUE,TRUE,TRUE,0.089999999999236
like and as,soon,much,FALSE,FALSE,TRUE,0.25,much,FALSE,FALSE,FALSE,0.1200000000008
of christmas giveaway,on,for,FALSE,FALSE,FALSE,0.229999999999563,for,FALSE,FALSE,FALSE,0.240000000000691
cute i cant hardly,stand,ever,FALSE,FALSE,FALSE,0.25,ever,FALSE,FALSE,FALSE,0.239999999999782
fd site asks you,to,can,FALSE,TRUE,TRUE,0.279999999999745,can,FALSE,TRUE,TRUE,0.270000000000437
toward that being,unlikely,said,FALSE,FALSE,FALSE,0.25,said,FALSE,FALSE,FALSE,0.139999999999418
know new,york,york,TRUE,TRUE,TRUE,0.210000000000036,york,TRUE,TRUE,TRUE,0.0799999999999272
on his,face,way,FALSE,TRUE,TRUE,0.230000000000473,way,FALSE,TRUE,TRUE,0.0799999999999272
the rest of,the,the,TRUE,TRUE,TRUE,0.3100000000004,the,TRUE,TRUE,TRUE,0.0500000000001819
batman or,superman,a,FALSE,FALSE,FALSE,0.219999999999345,a,FALSE,FALSE,FALSE,0.210000000000036
corner of menaul ,carlisle,the,FALSE,FALSE,FALSE,0.220000000000255,the,FALSE,FALSE,FALSE,0.229999999999563
this wasnt,a,a,TRUE,TRUE,TRUE,0.220000000000255,a,TRUE,TRUE,TRUE,0.210000000000036
this story,makes,i,FALSE,FALSE,FALSE,0.220000000000255,i,FALSE,FALSE,FALSE,0.109999999999673
from shore,to,up,FALSE,FALSE,FALSE,0.210000000000036,up,FALSE,FALSE,FALSE,0.180000000000291
noit fits in ur,purse,name,FALSE,FALSE,FALSE,0.25,name,FALSE,FALSE,FALSE,0.239999999999782
because of the resistance,of,to,FALSE,FALSE,FALSE,0.279999999999745,to,FALSE,FALSE,FALSE,0.270000000000437
reported no problems with the,ballots,same,FALSE,FALSE,FALSE,0.550000000000182,family,FALSE,FALSE,FALSE,0.119999999999891
the lions have done,a,a,TRUE,TRUE,TRUE,0.25,something,FALSE,TRUE,TRUE,0.130000000000109
the lakers getting,whipped,a,FALSE,FALSE,FALSE,0.230000000000473,a,FALSE,FALSE,FALSE,0.239999999999782
single in,the,the,TRUE,TRUE,TRUE,0.25,the,TRUE,TRUE,TRUE,0.0900000000001455
record with a  era,last,the,FALSE,FALSE,FALSE,0.280000000000655,the,FALSE,FALSE,FALSE,0.139999999999418
for the,support,first,FALSE,FALSE,TRUE,0.420000000000073,first,FALSE,FALSE,TRUE,0.0799999999999272
known but at the,time,end,FALSE,TRUE,TRUE,0.539999999999964,end,FALSE,TRUE,TRUE,0.0300000000006548
vegas ohmygawd i live in,vegas,the,FALSE,FALSE,TRUE,0.289999999999964,the,FALSE,FALSE,FALSE,0.119999999999891
memorial for you,anyway,to,FALSE,FALSE,FALSE,0.25,to,FALSE,FALSE,FALSE,0.0999999999994543
ties that,bind,i,FALSE,FALSE,FALSE,0.279999999999745,i,FALSE,FALSE,FALSE,0.25
before am look out,world,for,FALSE,FALSE,FALSE,0.25,for,FALSE,FALSE,FALSE,0.130000000000109
republican insistence on provisions to,block,the,FALSE,FALSE,TRUE,0.350000000000364,the,FALSE,FALSE,TRUE,0.319999999999709
contract dm,cant,me,FALSE,FALSE,FALSE,0.210000000000036,me,FALSE,FALSE,FALSE,0.180000000000291
to  pm,to,the,FALSE,TRUE,TRUE,0.220000000000255,to,TRUE,TRUE,TRUE,0.0900000000001455
for i get back on,tuesday,the,FALSE,FALSE,TRUE,0.280000000000655,the,FALSE,FALSE,FALSE,0.119999999999891
paste to the,usual,us,FALSE,FALSE,TRUE,0.529999999999745,us,FALSE,FALSE,FALSE,0.139999999999418
time so you can actually,get,a,FALSE,FALSE,TRUE,0.259999999999309,a,FALSE,FALSE,TRUE,0.25
nature it is now necessary,to,to,TRUE,TRUE,TRUE,0.279999999999745,to,TRUE,TRUE,TRUE,0.270000000000437
which engages the,whole,whole,TRUE,TRUE,TRUE,0.450000000000728,whole,TRUE,TRUE,TRUE,0.109999999999673
theater event,that,in,FALSE,FALSE,TRUE,0.230000000000473,in,FALSE,FALSE,TRUE,0.220000000000255
 yes yes,you,i,FALSE,TRUE,TRUE,0.190000000000509,i,FALSE,TRUE,TRUE,0.069999999999709
we figure,out,out,TRUE,TRUE,TRUE,0.199999999999818,out,TRUE,TRUE,TRUE,0.170000000000073
heres wishing the both of,you,them,FALSE,TRUE,TRUE,0.309999999999491,them,FALSE,TRUE,TRUE,0.130000000000109
when every desirable,home,the,FALSE,FALSE,FALSE,0.239999999999782,the,FALSE,FALSE,FALSE,0.239999999999782
die without ever,getting,seen,FALSE,FALSE,TRUE,0.25,seen,FALSE,FALSE,TRUE,0.239999999999782
company from the,s,beginning,FALSE,TRUE,TRUE,0.430000000000291,beginning,FALSE,TRUE,TRUE,0.110000000000582
atlanta chicago dallas,la,in,FALSE,FALSE,FALSE,0.220000000000255,in,FALSE,FALSE,FALSE,0.239999999999782
at some point,now,in,FALSE,FALSE,TRUE,0.25,in,FALSE,FALSE,FALSE,0.0299999999997453
word island right,in,now,FALSE,TRUE,TRUE,0.25,now,FALSE,TRUE,TRUE,0.239999999999782
weird convergence of reading,draces,and,FALSE,FALSE,FALSE,0.260000000000218,and,FALSE,FALSE,FALSE,0.130000000000109
tweeting about how,high,to,FALSE,FALSE,TRUE,0.25,to,FALSE,FALSE,FALSE,0.110000000000582
is reporting from vatech,press,the,FALSE,FALSE,FALSE,0.229999999999563,the,FALSE,FALSE,FALSE,0.230000000000473
make a facebook,status,page,FALSE,TRUE,TRUE,0.25,page,FALSE,TRUE,TRUE,0.109999999999673
wheres the badugitd,events,the,FALSE,FALSE,FALSE,0.25,the,FALSE,FALSE,FALSE,0.229999999999563
handed out sunglasses,and,and,TRUE,TRUE,TRUE,0.270000000000437,and,TRUE,TRUE,TRUE,0.25
me hey,i,i,TRUE,TRUE,TRUE,0.210000000000036,i,TRUE,TRUE,TRUE,0.180000000000291
you should follow to,hear,the,FALSE,FALSE,TRUE,0.319999999999709,the,FALSE,FALSE,TRUE,0.300000000000182
lies lies lies lies lies,lies,lies,TRUE,TRUE,TRUE,0.25,lies,TRUE,TRUE,TRUE,0.0199999999995271
time unfortunately some among,us,the,FALSE,TRUE,TRUE,0.25,the,FALSE,TRUE,TRUE,0.199999999999818
the recipe yields two,servings,years,FALSE,FALSE,TRUE,0.210000000000036,years,FALSE,FALSE,TRUE,0.1899999999996
wont work him youre,holding,not,FALSE,FALSE,FALSE,0.25,not,FALSE,FALSE,FALSE,0.25
valuables ,no,the,FALSE,FALSE,FALSE,0.0900000000001455,the,FALSE,FALSE,FALSE,0.109999999999673
sister wont even go see,a,it,FALSE,TRUE,TRUE,0.25,it,FALSE,FALSE,FALSE,0.130000000000109
flaws emotional traits,and,the,FALSE,TRUE,TRUE,0.270000000000437,the,FALSE,TRUE,TRUE,0.25
free koolaid is like ,free,a,FALSE,FALSE,FALSE,0.25,a,FALSE,FALSE,FALSE,0.1299999999992
like it,all,was,FALSE,FALSE,TRUE,0.239999999999782,was,FALSE,FALSE,FALSE,0.0600000000004002
that and,its,the,FALSE,FALSE,TRUE,0.319999999999709,i,FALSE,FALSE,FALSE,0.089999999999236
the whole househow,the,the,TRUE,TRUE,TRUE,0.229999999999563,the,TRUE,TRUE,TRUE,0.230000000000473
indians up ,after,to,FALSE,FALSE,TRUE,0.220000000000255,to,FALSE,FALSE,TRUE,0.199999999999818
of something as stupid as,drive,a,FALSE,FALSE,FALSE,0.270000000000437,a,FALSE,FALSE,FALSE,0.279999999999745
treatment then extends patient,life,and,FALSE,FALSE,FALSE,0.269999999999527,and,FALSE,FALSE,FALSE,0.25
the media services folks,tape,are,FALSE,FALSE,FALSE,0.229999999999563,are,FALSE,FALSE,FALSE,0.219999999999345
few days to,get,get,TRUE,TRUE,TRUE,0.25,get,TRUE,TRUE,TRUE,0.0299999999997453
get sing,it,the,FALSE,TRUE,TRUE,0.219999999999345,the,FALSE,TRUE,TRUE,0.190000000000509
to some new places we,havenât,are,FALSE,FALSE,FALSE,0.25,are,FALSE,FALSE,FALSE,0.229999999999563
but there were some boos,i,the,FALSE,TRUE,TRUE,0.220000000000255,the,FALSE,TRUE,TRUE,0.25
they prob gona be,dealers,a,FALSE,FALSE,FALSE,0.269999999999527,a,FALSE,FALSE,FALSE,0.239999999999782
with lemon juice and garlic,acted,and,FALSE,FALSE,FALSE,0.25,and,FALSE,FALSE,FALSE,0.270000000000437
the gas no let upnyr,is,the,FALSE,TRUE,TRUE,0.240000000000691,the,FALSE,TRUE,TRUE,0.229999999999563
i think one,of,of,TRUE,TRUE,TRUE,0.259999999999309,of,TRUE,TRUE,TRUE,0.0500000000001819
the one,to,who,FALSE,TRUE,TRUE,0.229999999999563,who,FALSE,TRUE,TRUE,0.100000000000364
i noticed,a,that,FALSE,TRUE,TRUE,0.230000000000473,that,FALSE,TRUE,TRUE,0.0799999999999272
my photo i havent,grown,been,FALSE,FALSE,FALSE,0.25,seen,FALSE,FALSE,FALSE,0.100000000000364
rixos  thinks,hes,the,FALSE,TRUE,TRUE,0.239999999999782,a,FALSE,FALSE,FALSE,0.119999999999891
a front,when,row,FALSE,TRUE,TRUE,0.220000000000255,row,FALSE,FALSE,FALSE,0.0799999999999272
carolina is the only state,outside,and,FALSE,FALSE,FALSE,0.280000000000655,and,FALSE,FALSE,FALSE,0.269999999999527
by me just,a,say,FALSE,TRUE,TRUE,0.220000000000255,say,FALSE,FALSE,FALSE,0.0900000000001455
why thank youbut,arent,you,FALSE,FALSE,FALSE,0.1899999999996,you,FALSE,FALSE,FALSE,0.220000000000255
all licked,our,the,FALSE,FALSE,FALSE,0.199999999999818,the,FALSE,FALSE,FALSE,0.200000000000728
awesome festival films,film,most,FALSE,FALSE,FALSE,0.239999999999782,most,FALSE,FALSE,FALSE,0.220000000000255
was coloring up,some,to,FALSE,FALSE,TRUE,0.240000000000691,to,FALSE,FALSE,TRUE,0.219999999999345
my socks have gesso on,them,the,FALSE,FALSE,TRUE,0.280000000000655,the,FALSE,FALSE,TRUE,0.259999999999309
found some craisins in,my,the,FALSE,TRUE,TRUE,0.279999999999745,the,FALSE,TRUE,TRUE,0.25
which were,made,not,FALSE,FALSE,TRUE,0.180000000000291,not,FALSE,FALSE,TRUE,0.140000000000327
melbourne for their scratch,shows,the,FALSE,FALSE,FALSE,0.1899999999996,the,FALSE,FALSE,FALSE,0.170000000000073
athletes follow and add,the,to,FALSE,TRUE,TRUE,0.170000000000073,to,FALSE,TRUE,TRUE,0.069999999999709
did she,decided,was,FALSE,FALSE,TRUE,0.119999999999891,was,FALSE,FALSE,TRUE,0.130000000000109
to increase,twitter,the,FALSE,FALSE,FALSE,0.140000000000327,the,FALSE,FALSE,FALSE,0.0399999999999636
fire that apparently,started,im,FALSE,FALSE,FALSE,0.160000000000764,im,FALSE,FALSE,FALSE,0.140000000000327
his dog he kicks it,to,was,FALSE,TRUE,TRUE,0.149999999999636,was,FALSE,TRUE,TRUE,0.130000000000109
care a south australianbased firm,involved,that,FALSE,FALSE,FALSE,0.269999999999527,that,FALSE,FALSE,FALSE,0.260000000000218
 years ago my,wife,life,FALSE,FALSE,TRUE,0.269999999999527,life,FALSE,FALSE,TRUE,0.25
angeles called the rock,which,and,FALSE,FALSE,TRUE,0.270000000000437,and,FALSE,FALSE,FALSE,0.140000000000327
we had,always,a,FALSE,FALSE,TRUE,0.220000000000255,a,FALSE,FALSE,FALSE,0.109999999999673
be saying you hate,green,when,FALSE,FALSE,FALSE,0.269999999999527,when,FALSE,FALSE,FALSE,0.110000000000582
at the latino,memphis,the,FALSE,FALSE,FALSE,0.240000000000691,the,FALSE,FALSE,FALSE,0.229999999999563
max and i got,paired,to,FALSE,FALSE,FALSE,0.270000000000437,to,FALSE,FALSE,FALSE,0.0399999999999636
and a lawn mower a,lawn,few,FALSE,FALSE,TRUE,0.380000000000109,few,FALSE,FALSE,TRUE,0.360000000000582
making a,life,decision,FALSE,FALSE,TRUE,0.329999999999927,decision,FALSE,FALSE,FALSE,0.069999999999709
really âneedâ,to,the,FALSE,TRUE,TRUE,1.26000000000022,the,FALSE,TRUE,TRUE,1.26999999999953
from kensington entitled,so,to,FALSE,FALSE,FALSE,0.280000000000655,to,FALSE,FALSE,FALSE,0.230000000000473
schedule and,is,the,FALSE,FALSE,TRUE,0.3100000000004,the,FALSE,FALSE,TRUE,0.300000000000182
silverdollarsize polenta,cake,the,FALSE,FALSE,FALSE,0.210000000000036,the,FALSE,FALSE,FALSE,0.1899999999996
at east chase tonight,at,at,TRUE,TRUE,TRUE,0.279999999999745,at,TRUE,TRUE,TRUE,0.25
ninth season will,be,be,TRUE,TRUE,TRUE,0.229999999999563,begin,FALSE,TRUE,TRUE,0.109999999999673
of being,cold,a,FALSE,FALSE,FALSE,0.219999999999345,a,FALSE,FALSE,FALSE,0.0799999999999272
an amazing to shed fat,and,and,TRUE,TRUE,TRUE,0.25,and,TRUE,TRUE,TRUE,0.230000000000473
course everyone knows,that,that,TRUE,TRUE,TRUE,0.230000000000473,that,TRUE,TRUE,TRUE,0.239999999999782
aww hes singing boyfriend,by,and,FALSE,FALSE,FALSE,0.260000000000218,and,FALSE,FALSE,FALSE,0.239999999999782
remember ever having,a,a,TRUE,TRUE,TRUE,0.239999999999782,a,TRUE,TRUE,TRUE,0.25
 telemarketing calls from local,cell,governments,FALSE,FALSE,FALSE,0.25,governments,FALSE,FALSE,FALSE,0.219999999999345
dog would,that,be,FALSE,FALSE,TRUE,0.199999999999818,be,FALSE,FALSE,TRUE,0.190000000000509
to go its always,great,a,FALSE,FALSE,TRUE,0.279999999999745,a,FALSE,FALSE,FALSE,0.119999999999891
in a waitandsee mode,again,the,FALSE,FALSE,FALSE,0.260000000000218,the,FALSE,FALSE,FALSE,0.239999999999782
in north portland what an,emotional,awesome,FALSE,FALSE,TRUE,0.279999999999745,awesome,FALSE,FALSE,FALSE,0.130000000000109
overunder of a,clash,new,FALSE,FALSE,FALSE,0.360000000000582,new,FALSE,FALSE,FALSE,0.130000000000109
gold silver,and,and,TRUE,TRUE,TRUE,0.220000000000255,and,TRUE,TRUE,TRUE,0.1899999999996
letters end,up,of,FALSE,TRUE,TRUE,0.220000000000255,of,FALSE,TRUE,TRUE,0.220000000000255
go see it if you,havent,dont,FALSE,TRUE,TRUE,0.259999999999309,can,FALSE,FALSE,FALSE,0.0600000000004002
enjoy with,great,the,FALSE,FALSE,TRUE,0.180000000000291,the,FALSE,FALSE,TRUE,0.199999999999818
high headed to whitman college,that,football,FALSE,FALSE,TRUE,0.259999999999309,football,FALSE,FALSE,TRUE,0.25
arrangements for the swimmer are,yet,you,FALSE,FALSE,TRUE,0.279999999999745,you,FALSE,FALSE,TRUE,0.279999999999745
what a,gr,great,FALSE,FALSE,FALSE,0.329999999999927,great,FALSE,FALSE,FALSE,0.0799999999999272
we tend to not use,the,the,TRUE,TRUE,TRUE,0.259999999999309,the,TRUE,TRUE,TRUE,0.0700000000006185
pupils at comprehensives about ,reach,the,FALSE,FALSE,FALSE,0.269999999999527,the,FALSE,FALSE,FALSE,0.25
your numberâ the space,between,i,FALSE,TRUE,TRUE,0.409999999999855,i,FALSE,TRUE,TRUE,0.280000000000655
it mean my kids are,impervious,so,FALSE,FALSE,FALSE,0.300000000000182,so,FALSE,FALSE,FALSE,0.119999999999891
completely random note,my,the,FALSE,FALSE,FALSE,0.25,the,FALSE,FALSE,FALSE,0.239999999999782
fed ex,field,the,FALSE,FALSE,FALSE,0.210000000000036,the,FALSE,FALSE,FALSE,0.199999999999818
having some,alone,of,FALSE,FALSE,FALSE,0.220000000000255,of,FALSE,FALSE,FALSE,0.199999999999818
ill be the best you,ever,can,FALSE,FALSE,TRUE,0.25,can,FALSE,FALSE,TRUE,0.260000000000218
left knee and,guards,the,FALSE,FALSE,FALSE,0.329999999999927,the,FALSE,FALSE,FALSE,0.309999999999491
the fishing,looks,for,FALSE,FALSE,FALSE,0.220000000000255,for,FALSE,FALSE,FALSE,0.229999999999563
the floor,making,of,FALSE,FALSE,FALSE,0.220000000000255,of,FALSE,FALSE,FALSE,0.0900000000001455
earned out,your,of,FALSE,FALSE,TRUE,0.230000000000473,of,FALSE,FALSE,TRUE,0.220000000000255
set your,goals,goals,TRUE,TRUE,TRUE,0.220000000000255,goals,TRUE,TRUE,TRUE,0.0799999999999272
year it seems and,i,the,FALSE,TRUE,TRUE,0.359999999999673,the,FALSE,TRUE,TRUE,0.350000000000364
passenger inside the,bus,house,FALSE,FALSE,TRUE,0.460000000000036,beltway,FALSE,FALSE,FALSE,0.109999999999673
jen snapped up,this,to,FALSE,FALSE,TRUE,0.239999999999782,to,FALSE,FALSE,TRUE,0.230000000000473
tony cha,head,the,FALSE,FALSE,FALSE,0.219999999999345,the,FALSE,FALSE,FALSE,0.199999999999818
thanks for the follow,xoxo,i,FALSE,FALSE,FALSE,0.260000000000218,i,FALSE,FALSE,FALSE,0.0399999999999636
thunder storms as well,which,as,FALSE,FALSE,FALSE,0.279999999999745,as,FALSE,FALSE,FALSE,0.130000000000109
choices by,selling,the,FALSE,FALSE,TRUE,0.220000000000255,the,FALSE,FALSE,TRUE,0.210000000000036
request one,from,of,FALSE,FALSE,TRUE,0.210000000000036,of,FALSE,FALSE,TRUE,0.219999999999345
scrambling for a,roster,few,FALSE,FALSE,FALSE,0.360000000000582,few,FALSE,FALSE,FALSE,0.109999999999673
lots of playing lots of,fun,people,FALSE,TRUE,TRUE,0.3100000000004,people,FALSE,TRUE,TRUE,0.1299999999992
awsome account related to,watch,the,FALSE,FALSE,TRUE,0.329999999999927,the,FALSE,FALSE,FALSE,0.140000000000327
the class how he,was,was,TRUE,TRUE,TRUE,0.260000000000218,was,TRUE,TRUE,TRUE,0.130000000000109
but that shirt,is,and,FALSE,TRUE,TRUE,0.25,and,FALSE,TRUE,TRUE,0.229999999999563
lebanese dishes,his,that,FALSE,FALSE,FALSE,0.199999999999818,that,FALSE,FALSE,FALSE,0.199999999999818
pick they are so good,together,for,FALSE,FALSE,FALSE,0.269999999999527,for,FALSE,FALSE,FALSE,0.0600000000004002
we are,young,not,FALSE,FALSE,TRUE,0.239999999999782,not,FALSE,FALSE,TRUE,0.069999999999709
im done for,the,the,TRUE,TRUE,TRUE,0.270000000000437,the,TRUE,TRUE,TRUE,0.109999999999673
getting a free,photoshoot,ride,FALSE,FALSE,FALSE,0.25,ride,FALSE,FALSE,FALSE,0.110000000000582
sanford police release  calls,from,the,FALSE,TRUE,TRUE,0.25,the,FALSE,FALSE,FALSE,0.119999999999891
to shades of africa,shout,for,FALSE,FALSE,FALSE,0.269999999999527,for,FALSE,FALSE,FALSE,0.25
comes with,a,a,TRUE,TRUE,TRUE,0.220000000000255,a,TRUE,TRUE,TRUE,0.0799999999999272
just got,tebowed,a,FALSE,FALSE,TRUE,0.1899999999996,a,FALSE,FALSE,FALSE,0.0799999999999272
